url_filter_id,title_key,hint_title,learn_more_url,lane,section,section_ui,severity_default,seo_tier,section_weight,archetype_num,archetype,owner,volume_sensitivity,base_size,notes_flag
head_element_contains_no_script_with_image,"<head> contains a <noscript> tag, which includes an image","<head> contains a <noscript> tag, which includes an image",https://sitebulb.com/hints/indexability/head-contains-a-noscript-tag-which-includes-an-image/,SEO triage,Indexability,Indexability,Critical,1,1,2,Template / theme edit,Developer,Flat,M,template emits invalid/extra head markup
contains_invalid_head_elements,<head> contains invalid html elements,<head> contains invalid HTML elements,https://sitebulb.com/hints/indexability/head-contains-invalid-html-elements/,SEO triage,Indexability,Indexability,Critical,1,1,2,Template / theme edit,Developer,Flat,M,template emits invalid/extra head markup
canonical_link_has_invalid_attributes,canonical contains invalid html attributes,Canonical contains invalid HTML attributes,https://sitebulb.com/hints/indexability/canonical-contains-invalid-html-attributes/,SEO triage,Indexability,Indexability,Critical,1,1,2,Template / theme edit,Developer,Flat,M,canonical generation/placement — template/logic fix
canonical_outside_of_head,canonical outside of head,Canonical outside of head,https://sitebulb.com/hints/indexability/canonical-outside-of-head/,SEO triage,Indexability,Indexability,Critical,1,1,2,Template / theme edit,Developer,Flat,M,template placement bug
canonical_points_to_http,canonical points to http version,Canonical points to HTTP version,https://sitebulb.com/hints/indexability/canonical-points-to-http-version/,SEO triage,Indexability,Indexability,Critical,1,1,5,Per-instance code / markup fix,Developer,Banded (soft),M,per-instance; collapse to one template/logic fix if systematic (A2)
disallowed_javascript_files,disallowed javascript file,Disallowed JavaScript file,https://sitebulb.com/hints/indexability/disallowed-javascript-file/,SEO triage,Indexability,Indexability,Critical,1,1,1,Global config / directive,Dev / config-capable SEO,Flat,S,unblock in robots.txt
disallowed_style_sheets,disallowed style sheet,Disallowed Style Sheet,https://sitebulb.com/hints/indexability/disallowed-style-sheet/,SEO triage,Indexability,Indexability,Critical,1,1,1,Global config / directive,Dev / config-capable SEO,Flat,S,unblock in robots.txt
disallowed_images,disallowed image,Disallowed image,https://sitebulb.com/hints/indexability/disallowed-image/,SEO triage,Indexability,Indexability,Critical,1,1,1,Global config / directive,Dev / config-capable SEO,Flat,S,unblock in robots.txt
internal_html_exceeds_google_file_size_limit,html file size exceeds google's 2mb limit,HTML file size exceeds Google's 2MB limit,https://sitebulb.com/hints/indexability/html-file-size-exceeds-googles-2mb-limit/,SEO triage,Indexability,Indexability,Critical,1,1,6,Performance / Core Web Vitals,Developer,Banded (soft),L,page-weight / performance
robots_meta_in_body,meta robots found outside of <head>,Meta robots found outside of <head>,https://sitebulb.com/hints/indexability/meta-robots-found-outside-of-head/,SEO triage,Indexability,Indexability,Critical,1,1,2,Template / theme edit,Developer,Flat,M,template placement bug
canonical_has_superfluous_attributes,canonical contains superfluous html attributes,Canonical contains superfluous HTML attributes,https://sitebulb.com/hints/indexability/canonical-contains-superfluous-html-attributes/,SEO triage,Indexability,Indexability,High,1,1,2,Template / theme edit,Developer,Flat,M,canonical generation/placement — template/logic fix
canonical_is_malformed_or_empty,canonical is malformed or empty,Canonical is malformed or empty,https://sitebulb.com/hints/indexability/canonical-is-malformed-or-empty/,SEO triage,Indexability,Indexability,High,1,1,2,Template / theme edit,Developer,Flat,M,canonical generation/placement — template/logic fix
canonical_loop_urls,canonical loop,Canonical loop,https://sitebulb.com/hints/indexability/canonical-loop/,SEO triage,Indexability,Indexability,High,1,1,5,Per-instance code / markup fix,Developer,Banded (soft),M,per-instance; collapse to one template/logic fix if systematic (A2)
canonical_only_found_in_rendered_dom,canonical only found in rendered dom,Canonical only found in rendered DOM,https://sitebulb.com/hints/indexability/canonical-only-found-in-rendered-dom/,SEO triage,Indexability,Indexability,High,1,1,2,Template / theme edit,Developer,Flat,M,canonical generation/placement — template/logic fix
canonical_points_to_https,canonical points to https version,Canonical points to HTTPS version,https://sitebulb.com/hints/indexability/canonical-points-to-https-version/,SEO triage,Indexability,Indexability,High,1,1,5,Per-instance code / markup fix,Developer,Banded (soft),M,per-instance; collapse to one template/logic fix if systematic (A2)
canonical_points_to_error_urls,canonical points to a url that is error (5xx),Canonical points to a URL that is Error (5XX),https://sitebulb.com/hints/indexability/canonical-points-to-a-url-that-is-error-5xx/,SEO triage,Indexability,Indexability,High,1,1,5,Per-instance code / markup fix,Developer,Banded (soft),M,per-instance; collapse to one template/logic fix if systematic (A2)
canonical_points_to_not_found_urls,canonical points to a url that is not found 404,Canonical points to a URL that is Not Found 404,https://sitebulb.com/hints/indexability/canonical-points-to-a-url-that-is-not-found-404/,SEO triage,Indexability,Indexability,High,1,1,5,Per-instance code / markup fix,Developer,Banded (soft),M,per-instance; collapse to one template/logic fix if systematic (A2)
canonical_points_to_disallowed_urls,canonical points to a disallowed url,Canonical points to a disallowed URL,https://sitebulb.com/hints/indexability/canonical-points-to-a-disallowed-url/,SEO triage,Indexability,Indexability,High,1,1,5,Per-instance code / markup fix,Developer,Banded (soft),M,per-instance; collapse to one template/logic fix if systematic (A2)
canonical_points_to_noindex_urls,canonical points to a noindex url,Canonical points to a noindex URL,https://sitebulb.com/hints/indexability/canonical-points-to-a-noindex-url/,SEO triage,Indexability,Indexability,High,1,1,5,Per-instance code / markup fix,Developer,Banded (soft),M,per-instance; collapse to one template/logic fix if systematic (A2)
canonical_points_to_canonical_urls,canonical points to another canonicalized url,Canonical points to another canonicalized URL,https://sitebulb.com/hints/indexability/canonical-points-to-another-canonicalized-url/,SEO triage,Indexability,Indexability,High,1,1,5,Per-instance code / markup fix,Developer,Banded (soft),M,per-instance; collapse to one template/logic fix if systematic (A2)
canonicalized_noindex_nofollow_urls,"canonicalized url is noindex, nofollow","Canonicalized URL is noindex, nofollow",https://sitebulb.com/hints/indexability/canonicalized-url-is-noindex-nofollow/,SEO triage,Indexability,Indexability,High,1,1,5,Per-instance code / markup fix,Developer,Banded (soft),M,per-instance; collapse to one template/logic fix if systematic (A2)
found_via_canonical,isolated url - only found via a canonical,Isolated URL - only found via a canonical,https://sitebulb.com/hints/indexability/isolated-url-only-found-via-a-canonical/,SEO triage,Indexability,Indexability,High,1,1,8,Investigation / diagnosis,SEO lead,Flat,M,internal-linking/discoverability — investigate then link/template fix
found_via_noindex_follow,"isolated url - only found via a noindex,follow","Isolated URL - only found via a noindex,follow",https://sitebulb.com/hints/indexability/isolated-url-only-found-via-a-noindex-follow/,SEO triage,Indexability,Indexability,High,1,1,8,Investigation / diagnosis,SEO lead,Flat,M,internal-linking/discoverability — investigate then link/template fix
found_via_redirect,isolated url - only found via a redirect,Isolated URL - only found via a redirect,https://sitebulb.com/hints/indexability/isolated-url-only-found-via-a-redirect/,SEO triage,Indexability,Indexability,High,1,1,8,Investigation / diagnosis,SEO lead,Flat,M,internal-linking/discoverability — investigate then link/template fix
linked_from_isolated,isolated url - only linked from other isolated urls,Isolated URL - only linked from other isolated URLs,https://sitebulb.com/hints/indexability/isolated-url-only-linked-from-other-isolated-urls/,SEO triage,Indexability,Indexability,High,1,1,8,Investigation / diagnosis,SEO lead,Flat,M,internal-linking/discoverability — investigate then link/template fix
canonical_link_and_http_header_found_differs,mismatched canonical tag in html and http header,Mismatched canonical tag in HTML and HTTP header,https://sitebulb.com/hints/indexability/mismatched-canonical-tag-in-html-and-http-header/,SEO triage,Indexability,Indexability,High,1,1,2,Template / theme edit,Developer,Flat,M,canonical generation/placement — template/logic fix
nofollow_found_in_meta_and_http_header_differs,mismatched nofollow directives in html and header,Mismatched nofollow directives in HTML and header,https://sitebulb.com/hints/indexability/mismatched-nofollow-directives-in-html-and-header/,SEO triage,Indexability,Indexability,High,1,1,1,Global config / directive,Dev / config-capable SEO,Flat,S,robots/meta directive — config-level
noindex_found_in_meta_and_http_header_differs,mismatched noindex directives in html and header,Mismatched noindex directives in HTML and header,https://sitebulb.com/hints/indexability/mismatched-noindex-directives-in-html-and-header/,SEO triage,Indexability,Indexability,High,1,1,1,Global config / directive,Dev / config-capable SEO,Flat,S,robots/meta directive — config-level
canonical_found_more_than_once_and_differs,"multiple, mismatched canonical tags","Multiple, mismatched canonical tags",https://sitebulb.com/hints/indexability/multiple-mismatched-canonical-tags/,SEO triage,Indexability,Indexability,High,1,1,2,Template / theme edit,Developer,Flat,M,canonical generation/placement — template/logic fix
response_and_rendered_canonical_differ,rendered canonical is different to html source,Rendered Canonical is different to HTML source,https://sitebulb.com/hints/indexability/rendered-canonical-is-different-to-html-source/,SEO triage,Indexability,Indexability,High,1,1,2,Template / theme edit,Developer,Flat,M,canonical generation/placement — template/logic fix
contains_form_with_get_method,url contains a form with a get method,URL contains a form with a GET method,https://sitebulb.com/hints/indexability/url-contains-a-form-with-a-get-method/,SEO triage,Indexability,Indexability,High,1,1,1,Global config / directive,Dev / config-capable SEO,Flat,S,config/param handling (or change form method)
canonical_is_relative_url,canonical is a relative url,Canonical is a relative URL,https://sitebulb.com/hints/indexability/canonical-is-a-relative-url/,SEO triage,Indexability,Indexability,Medium,1,1,2,Template / theme edit,Developer,Flat,M,canonical generation/placement — template/logic fix
canonical_points_to_redirect_urls,canonical points to a redirecting url,Canonical points to a redirecting URL,https://sitebulb.com/hints/indexability/canonical-points-to-a-redirecting-url/,SEO triage,Indexability,Indexability,Medium,1,1,5,Per-instance code / markup fix,Developer,Banded (soft),M,per-instance; collapse to one template/logic fix if systematic (A2)
canonical_points_to_homepage,canonical points to homepage,Canonical points to homepage,https://sitebulb.com/hints/indexability/canonical-points-to-homepage/,SEO triage,Indexability,Indexability,Medium,1,1,5,Per-instance code / markup fix,Developer,Banded (soft),M,per-instance; collapse to one template/logic fix if systematic (A2)
nofollow_found_more_than_once,multiple nofollow directives,Multiple nofollow directives,https://sitebulb.com/hints/indexability/multiple-nofollow-directives/,SEO triage,Indexability,Indexability,Medium,1,1,1,Global config / directive,Dev / config-capable SEO,Flat,S,robots/meta directive — config-level
noindex_found_more_than_once,multiple noindex directives,Multiple noindex directives,https://sitebulb.com/hints/indexability/multiple-noindex-directives/,SEO triage,Indexability,Indexability,Medium,1,1,1,Global config / directive,Dev / config-capable SEO,Flat,S,robots/meta directive — config-level
nofollow_found_in_meta_and_http_header,nofollow in html and http header,Nofollow in HTML and HTTP header,https://sitebulb.com/hints/indexability/nofollow-in-html-and-http-header/,SEO triage,Indexability,Indexability,Medium,1,1,1,Global config / directive,Dev / config-capable SEO,Flat,S,robots/meta directive — config-level
noindex_found_in_meta_and_http_header,noindex in html and http header,Noindex in HTML and HTTP header,https://sitebulb.com/hints/indexability/noindex-in-html-and-http-header/,SEO triage,Indexability,Indexability,Medium,1,1,1,Global config / directive,Dev / config-capable SEO,Flat,S,robots/meta directive — config-level
urls_with_soft404_phrase_in_content,urls that contain possible soft 404 phrases,URLs that contain possible Soft 404 phrases,https://sitebulb.com/hints/indexability/contains-possible-soft-404-phrases/,SEO triage,Indexability,Indexability,Medium,1,1,8,Investigation / diagnosis,SEO lead,Flat,M,investigate: make it a true 404/410 (config) or add content
base_url_malformed_or_empty,base url malformed or empty,Base URL malformed or empty,https://sitebulb.com/hints/indexability/base-url-malformed-or-empty/,SEO triage,Indexability,Indexability,Low,1,1,2,Template / theme edit,Developer,Flat,M,template
canonical_link_and_http_header_found,canonical tag in html and http header,Canonical tag in HTML and HTTP header,https://sitebulb.com/hints/indexability/canonical-tag-in-html-and-http-header/,SEO triage,Indexability,Indexability,Low,1,1,2,Template / theme edit,Developer,Flat,M,canonical generation/placement — template/logic fix
base_found_more_than_once,multiple base urls,Multiple base URLs,https://sitebulb.com/hints/indexability/multiple-base-urls/,SEO triage,Indexability,Indexability,Low,1,1,2,Template / theme edit,Developer,Flat,M,template
canonical_found_more_than_once,multiple canonical tags,Multiple canonical tags,https://sitebulb.com/hints/indexability/multiple-canonical-tags/,SEO triage,Indexability,Indexability,Low,1,1,2,Template / theme edit,Developer,Flat,M,canonical generation/placement — template/logic fix
base_found_more_than_once_and_differs,"multiple, mismatched base urls","Multiple, mismatched base URLs",https://sitebulb.com/hints/indexability/multiple-mismatched-base-urls/,SEO triage,Indexability,Indexability,Low,1,1,2,Template / theme edit,Developer,Flat,M,template
head_element_contains_no_script,<head> contains a <noscript> tag,<head> contains a <noscript> tag,https://sitebulb.com/hints/indexability/head-contains-a-noscript-tag/,SEO triage,Indexability,Indexability,,1,1,8,Investigation / diagnosis,SEO lead,Flat,M,informational directive/observation — usually filtered as noise
canonical_points_to_internal_url,canonical points to a different internal url,Canonical points to a different internal URL,https://sitebulb.com/hints/indexability/canonical-points-to-a-different-internal-url/,SEO triage,Indexability,Indexability,,1,1,8,Investigation / diagnosis,SEO lead,Flat,M,informational directive/observation — usually filtered as noise
canonical_points_to_external_url,canonical points to external url,Canonical points to external URL,https://sitebulb.com/hints/indexability/canonical-points-to-external-url/,SEO triage,Indexability,Indexability,,1,1,8,Investigation / diagnosis,SEO lead,Flat,M,informational directive/observation — usually filtered as noise
contains_data_nosnippet,contains data-nosnippet elements,Contains data-nosnippet elements,https://support.sitebulb.com/en/articles/9857309-indexability-report#data-nosnippet,SEO triage,Indexability,Indexability,,1,1,8,Investigation / diagnosis,SEO lead,Flat,M,informational directive/observation — usually filtered as noise
urls_with_index_if_embedded,contains indexifembedded robots directive,Contains indexifembedded robots directive,https://support.sitebulb.com/en/articles/9857309-indexability-report#indexifembedded,SEO triage,Indexability,Indexability,,1,1,8,Investigation / diagnosis,SEO lead,Flat,M,informational directive/observation — usually filtered as noise
urls_with_max_image_preview,contains max-image-preview robots directive,Contains max-image-preview robots directive,https://support.sitebulb.com/en/articles/9857309-indexability-report#max-image-preview,SEO triage,Indexability,Indexability,,1,1,8,Investigation / diagnosis,SEO lead,Flat,M,informational directive/observation — usually filtered as noise
urls_with_max_snippet,contains max-snippet robots directive,Contains max-snippet robots directive,https://support.sitebulb.com/en/articles/9857309-indexability-report#max-snippet,SEO triage,Indexability,Indexability,,1,1,8,Investigation / diagnosis,SEO lead,Flat,M,informational directive/observation — usually filtered as noise
urls_with_max_video_preview,contains max-video-preview robots directive,Contains max-video-preview robots directive,https://support.sitebulb.com/en/articles/9857309-indexability-report#max-video-preview,SEO triage,Indexability,Indexability,,1,1,8,Investigation / diagnosis,SEO lead,Flat,M,informational directive/observation — usually filtered as noise
urls_with_no_archive,contains noarchive robots directive,Contains noarchive robots directive,https://support.sitebulb.com/en/articles/9857309-indexability-report#noarchive,SEO triage,Indexability,Indexability,,1,1,8,Investigation / diagnosis,SEO lead,Flat,M,informational directive/observation — usually filtered as noise
urls_with_no_cache,contains nocache robots directive,Contains nocache robots directive,https://support.sitebulb.com/en/articles/9857309-indexability-report#nocache,SEO triage,Indexability,Indexability,,1,1,8,Investigation / diagnosis,SEO lead,Flat,M,informational directive/observation — usually filtered as noise
urls_with_no_image_index,contains noimageindex robots directive,Contains noimageindex robots directive,https://support.sitebulb.com/en/articles/9857309-indexability-report#noimageindex,SEO triage,Indexability,Indexability,,1,1,8,Investigation / diagnosis,SEO lead,Flat,M,informational directive/observation — usually filtered as noise
urls_with_no_sitelinks_search_box,contains nositelinkssearchbox robots directive,Contains nositelinkssearchbox robots directive,https://support.sitebulb.com/en/articles/9857309-indexability-report#nositelinkssearchbox,SEO triage,Indexability,Indexability,,1,1,8,Investigation / diagnosis,SEO lead,Flat,M,informational directive/observation — usually filtered as noise
urls_with_no_snippet,contains nosnippet robots directive,Contains nosnippet robots directive,https://support.sitebulb.com/en/articles/9857309-indexability-report#nosnippet,SEO triage,Indexability,Indexability,,1,1,8,Investigation / diagnosis,SEO lead,Flat,M,informational directive/observation — usually filtered as noise
urls_with_no_translate,contains notranslate robots directive,Contains notranslate robots directive,https://support.sitebulb.com/en/articles/9857309-indexability-report#notranslate,SEO triage,Indexability,Indexability,,1,1,8,Investigation / diagnosis,SEO lead,Flat,M,informational directive/observation — usually filtered as noise
urls_with_unavailable_after,contains unavailable_after robots directive,Contains unavailable_after robots directive,https://support.sitebulb.com/en/articles/9857309-indexability-report#unavailable_after,SEO triage,Indexability,Indexability,,1,1,8,Investigation / diagnosis,SEO lead,Flat,M,informational directive/observation — usually filtered as noise
noindex_nofollow_urls,has noindex and nofollow directives,Has noindex and nofollow directives,https://sitebulb.com/hints/indexability/has-noindex-and-nofollow-directives/,SEO triage,Indexability,Indexability,,1,1,8,Investigation / diagnosis,SEO lead,Flat,M,informational directive/observation — usually filtered as noise
internal_disallowed_urls,internal disallowed urls,Internal Disallowed URLs,https://sitebulb.com/hints/indexability/internal-disallowed-urls/,SEO triage,Indexability,Indexability,,1,1,8,Investigation / diagnosis,SEO lead,Flat,M,informational directive/observation — usually filtered as noise
urls_with_nofollowed_incoming_links,url only has nofollow incoming internal links,URL only has nofollow incoming internal links,https://sitebulb.com/hints/indexability/url-only-has-nofollow-incoming-internal-links/,SEO triage,Indexability,Indexability,,1,1,8,Investigation / diagnosis,SEO lead,Flat,M,informational directive/observation — usually filtered as noise
invalid_html_urls,broken or invalid html,Broken or invalid HTML,https://sitebulb.com/hints/on-page/broken-or-invalid-html/,SEO triage,On Page,On Page,Critical,1,1,5,Per-instance code / markup fix,Developer,Banded (soft),M,per-instance markup/code fix
no_content_urls,html is missing or empty,HTML is missing or empty,https://sitebulb.com/hints/on-page/html-is-missing-or-empty/,SEO triage,On Page,On Page,Critical,1,1,8,Investigation / diagnosis,SEO lead,Flat,M,investigate rendering/server response first
title_empty,title tag is empty,Title tag is empty,https://sitebulb.com/hints/on-page/title-tag-is-empty/,SEO triage,On Page,On Page,Critical,1,1,4,Content & metadata authoring,Content / SEO copy,Banded (hard),S,content fills the field; template (A2) if the field isn't output at all
title_missing,title tag is missing,Title tag is missing,https://sitebulb.com/hints/on-page/title-tag-is-missing/,SEO triage,On Page,On Page,Critical,1,1,4,Content & metadata authoring,Content / SEO copy,Banded (hard),S,content fills the field; template (A2) if the field isn't output at all
title_outside_of_head,title tag outside of <head>,Title tag outside of <head>,https://sitebulb.com/hints/on-page/title-tag-outside-of-head/,SEO triage,On Page,On Page,Critical,1,1,2,Template / theme edit,Developer,Flat,M,template placement bug
meta_description_outside_of_head,meta description outside of <head>,Meta description outside of <head>,https://sitebulb.com/hints/on-page/meta-description-outside-of-head/,SEO triage,On Page,On Page,High,1,1,2,Template / theme edit,Developer,Flat,M,template placement bug
title_found_more_than_once,multiple title tags,Multiple title tags,https://sitebulb.com/hints/on-page/multiple-title-tags/,SEO triage,On Page,On Page,High,1,1,2,Template / theme edit,Developer,Flat,M,template/plugin emitting duplicates
header1_empty,<h1> tag is empty,<h1> tag is empty,https://sitebulb.com/hints/on-page/h1-tag-is-empty/,SEO triage,On Page,On Page,Medium,1,1,4,Content & metadata authoring,Content / SEO copy,Banded (hard),S,content fills the field; template (A2) if the field isn't output at all
header1_missing,<h1> tag is missing,<h1> tag is missing,https://sitebulb.com/hints/on-page/h1-tag-is-missing/,SEO triage,On Page,On Page,Medium,1,1,4,Content & metadata authoring,Content / SEO copy,Banded (hard),S,content fills the field; template (A2) if the field isn't output at all
urls_with_lorem_ipsum,contains lorem ipsum dummy text,Contains Lorem Ipsum dummy text,https://sitebulb.com/hints/on-page/contains-lorem-ipsum-dummy-text/,SEO triage,On Page,On Page,Medium,1,1,4,Content & metadata authoring,Content / SEO copy,Banded (hard),S,
images_missing_alt_text,images with missing alt text,Images with missing alt text,https://sitebulb.com/hints/on-page/images-with-missing-alt-text/,SEO triage,On Page,On Page,Medium,1,1,4,Content & metadata authoring,Content / SEO copy,Banded (hard),S,
header1_too_long,<h1> length too long,<h1> length too long,https://sitebulb.com/hints/on-page/h1-length-too-long/,SEO triage,On Page,On Page,Low,1,1,4,Content & metadata authoring,Content / SEO copy,Banded (hard),S,
header1_too_short,<h1> length too short,<h1> length too short,https://sitebulb.com/hints/on-page/h1-length-too-short/,SEO triage,On Page,On Page,Low,1,1,4,Content & metadata authoring,Content / SEO copy,Banded (hard),S,
meta_description_empty,meta description is empty,Meta description is empty,https://sitebulb.com/hints/on-page/meta-description-is-empty/,SEO triage,On Page,On Page,Low,1,1,4,Content & metadata authoring,Content / SEO copy,Banded (hard),S,content fills the field; template (A2) if the field isn't output at all
meta_description_missing,meta description is missing,Meta description is missing,https://sitebulb.com/hints/on-page/meta-description-is-missing/,SEO triage,On Page,On Page,Low,1,1,4,Content & metadata authoring,Content / SEO copy,Banded (hard),S,content fills the field; template (A2) if the field isn't output at all
meta_description_too_long,meta description length too long,Meta description length too long,https://sitebulb.com/hints/on-page/meta-description-length-too-long/,SEO triage,On Page,On Page,Low,1,1,4,Content & metadata authoring,Content / SEO copy,Banded (hard),S,
meta_description_too_short,meta description length too short,Meta description length too short,https://sitebulb.com/hints/on-page/meta-description-length-too-short/,SEO triage,On Page,On Page,Low,1,1,4,Content & metadata authoring,Content / SEO copy,Banded (hard),S,
header1_found_more_than_once,multiple <h1> tags,Multiple <h1> tags,https://sitebulb.com/hints/on-page/multiple-h1-tags/,SEO triage,On Page,On Page,Low,1,1,2,Template / theme edit,Developer,Flat,M,template/plugin emitting duplicates
meta_description_found_more_than_once,multiple meta descriptions,Multiple meta descriptions,https://sitebulb.com/hints/on-page/multiple-meta-descriptions/,SEO triage,On Page,On Page,Low,1,1,2,Template / theme edit,Developer,Flat,M,template/plugin emitting duplicates
title_meta_description_duplicated,title and meta description are the same,Title and meta description are the same,https://sitebulb.com/hints/on-page/title-and-meta-description-are-the-same/,SEO triage,On Page,On Page,Low,1,1,4,Content & metadata authoring,Content / SEO copy,Banded (hard),S,
title_too_long,title tag length too long,Title tag length too long,https://sitebulb.com/hints/on-page/title-tag-length-too-long/,SEO triage,On Page,On Page,Low,1,1,4,Content & metadata authoring,Content / SEO copy,Banded (hard),S,
title_too_short,title tag length too short,Title tag length too short,https://sitebulb.com/hints/on-page/title-tag-length-too-short/,SEO triage,On Page,On Page,Low,1,1,4,Content & metadata authoring,Content / SEO copy,Banded (hard),S,
duplicate_urls_with_same_path_and_query_string_in_different_order,duplicate urls (technical duplicates),Duplicate URLs (technical duplicates),https://sitebulb.com/hints/duplicate-content/technically-duplicate-urls/,SEO triage,Duplicate Content,Duplicate Content,High,1,1,1,Global config / directive,Dev / config-capable SEO,Flat,S,canonicalize / normalize URLs (config)
urls_with_duplicate_content,urls with duplicate content,URLs with duplicate content,https://sitebulb.com/hints/duplicate-content/urls-with-duplicate-content/,SEO triage,Duplicate Content,Duplicate Content,High,1,1,4,Content & metadata authoring,Content / SEO copy,Banded (hard),S,rewrite to differentiate; or canonicalize (A1) if truly duplicate
urls_with_duplicate_title,urls with duplicate page titles,URLs with duplicate page titles,https://sitebulb.com/hints/duplicate-content/urls-with-duplicate-page-titles/,SEO triage,Duplicate Content,Duplicate Content,High,1,1,4,Content & metadata authoring,Content / SEO copy,Banded (hard),S,rewrite to differentiate; or canonicalize (A1) if truly duplicate
urls_with_duplicate_title_and_meta_description,urls with duplicate title and meta descriptions,URLs with duplicate title and meta descriptions,https://sitebulb.com/hints/duplicate-content/urls-with-duplicate-title-and-meta-descriptions/,SEO triage,Duplicate Content,Duplicate Content,High,1,1,4,Content & metadata authoring,Content / SEO copy,Banded (hard),S,rewrite to differentiate; or canonicalize (A1) if truly duplicate
near_duplicate,urls with similar content,URLs with similar content,https://sitebulb.com/hints/duplicate-content/urls-with-similar-content/,SEO triage,Duplicate Content,Duplicate Content,High,1,1,4,Content & metadata authoring,Content / SEO copy,Banded (hard),S,rewrite to differentiate; or canonicalize (A1) if truly duplicate
urls_with_duplicate_h1,urls with duplicate h1s,URLs with duplicate h1s,https://sitebulb.com/hints/duplicate-content/urls-with-duplicate-h1s/,SEO triage,Duplicate Content,Duplicate Content,Medium,1,1,4,Content & metadata authoring,Content / SEO copy,Banded (hard),S,rewrite to differentiate; or canonicalize (A1) if truly duplicate
urls_with_duplicate_meta_description,urls with duplicate meta descriptions,URLs with duplicate meta descriptions,https://sitebulb.com/hints/duplicate-content/urls-with-duplicate-meta-descriptions/,SEO triage,Duplicate Content,Duplicate Content,Low,1,1,4,Content & metadata authoring,Content / SEO copy,Banded (hard),S,rewrite to differentiate; or canonicalize (A1) if truly duplicate
external_broken_redirect_urls,external url redirect broken (4xx or 5xx),External URL redirect broken (4XX or 5XX),https://sitebulb.com/hints/redirects/external-url-redirect-broken-4xx-or-5xx/,SEO triage,Redirects,Redirects,High,1,1,3,Redirect mapping,Dev / ops,Banded (hard),S,
internal_redirect_ping_pong_urls,internal url is part of a chained redirect loop,Internal URL is part of a chained redirect loop,https://sitebulb.com/hints/redirects/internal-url-is-part-of-a-chained-redirect-loop/,SEO triage,Redirects,Redirects,High,1,1,3,Redirect mapping,Dev / ops,Banded (hard),S,
internal_broken_redirect_urls,internal url redirect broken (4xx or 5xx),Internal URL redirect broken (4XX or 5XX),https://sitebulb.com/hints/redirects/internal-url-redirect-broken-4xx-or-5xx/,SEO triage,Redirects,Redirects,High,1,1,3,Redirect mapping,Dev / ops,Banded (hard),S,
internal_redirect_loop_urls,internal url redirects back to itself,Internal URL redirects back to itself,https://sitebulb.com/hints/redirects/internal-url-redirects-back-to-itself/,SEO triage,Redirects,Redirects,High,1,1,3,Redirect mapping,Dev / ops,Banded (hard),S,
redirect_case_normalisation,internal redirects from case normalization,Internal redirects from case normalization,https://sitebulb.com/hints/redirects/internal-redirects-from-case-normalization/,SEO triage,Redirects,Redirects,High,1,1,3,Redirect mapping,Dev / ops,Banded (hard),S,fix source links; a server rewrite rule prevents recurrence (A1)
redirect_trailing_slash_mistmatch,internal redirects from trailing slash mismatch,Internal redirects from trailing slash mismatch,https://sitebulb.com/hints/redirects/internal-redirects-from-trailing-slash-mismatch/,SEO triage,Redirects,Redirects,High,1,1,3,Redirect mapping,Dev / ops,Banded (hard),S,fix source links; a server rewrite rule prevents recurrence (A1)
resource_redirect_ping_pong_urls,page resource url is part of a chained redirect loop,Page resource URL is part of a chained redirect loop,https://sitebulb.com/hints/redirects/page-resource-url-is-part-of-a-chained-redirect-loop/,SEO triage,Redirects,Redirects,High,1,1,3,Redirect mapping,Dev / ops,Banded (hard),S,resource refs usually live in the template (A2)
resource_redirect_loop_urls,page resource url redirects back to itself,Page resource URL redirects back to itself,https://sitebulb.com/hints/redirects/page-resource-url-redirects-back-to-itself/,SEO triage,Redirects,Redirects,High,1,1,3,Redirect mapping,Dev / ops,Banded (hard),S,resource refs usually live in the template (A2)
resource_broken_redirect_urls,resource url redirect broken (4xx or 5xx),Resource URL redirect broken (4XX or 5XX),https://sitebulb.com/hints/redirects/resource-url-redirect-broken-4xx-or-5xx/,SEO triage,Redirects,Redirects,High,1,1,3,Redirect mapping,Dev / ops,Banded (hard),S,resource refs usually live in the template (A2)
internal_redirected_urls,internal redirected urls,Internal redirected URLs,https://sitebulb.com/hints/redirects/internal-redirected-urls/,SEO triage,Redirects,Redirects,Medium,1,1,3,Redirect mapping,Dev / ops,Banded (hard),S,
resource_redirected_urls,redirected page resource urls,Redirected page resource URLs,https://sitebulb.com/hints/redirects/redirected-page-resource-urls/,SEO triage,Redirects,Redirects,Medium,1,1,3,Redirect mapping,Dev / ops,Banded (hard),S,resource refs usually live in the template (A2)
external_redirected_urls,external redirected urls,External redirected URLs,https://sitebulb.com/hints/redirects/external-redirected-urls/,SEO triage,Redirects,Redirects,,1,1,8,Investigation / diagnosis,SEO lead,Flat,M,informational — outbound links that 301; optional to update
meta_refresh_redirect_urls,redirects using a meta refresh,Redirects using a Meta refresh,https://sitebulb.com/hints/redirects/redirects-using-a-meta-refresh/,SEO triage,Redirects,Redirects,,1,1,3,Redirect mapping,Dev / ops,Banded (hard),S,replace meta refresh with a server 301
internal_broken_urls,broken internal urls,Broken internal URLs,https://sitebulb.com/hints/internal/broken-internal-urls/,SEO triage,Internal URLs,Internal URLs,High,1,1,3,Redirect mapping,Dev / ops,Banded (hard),S,[SEO T1 override] 
internal_query_string_contains_session_id_parameters,query string contains session id parameters,Query string contains session ID parameters,https://sitebulb.com/hints/internal/query-string-contains-session-id-parameters/,SEO triage,Internal URLs,Internal URLs,Medium,2,0.7,1,Global config / directive,Dev / config-capable SEO,Flat,S,URL-generation / rewrite rule — usually one fix
internal_query_string_contains_tracking_parameters,query string contains tracking parameters,Query string contains tracking parameters,https://sitebulb.com/hints/internal/query-string-contains-tracking-parameters/,SEO triage,Internal URLs,Internal URLs,Medium,2,0.7,1,Global config / directive,Dev / config-capable SEO,Flat,S,URL-generation / rewrite rule — usually one fix
internal_url_contain_non_lower_case_characters,url contains upper case characters,URL contains upper case characters,https://sitebulb.com/hints/internal/url-contains-upper-case-characters/,SEO triage,Internal URLs,Internal URLs,Medium,2,0.7,1,Global config / directive,Dev / config-capable SEO,Flat,S,URL-generation / rewrite rule — usually one fix
internal_url_contain_space_characters,url contains whitespace,URL contains whitespace,https://sitebulb.com/hints/internal/url-contains-whitespace/,SEO triage,Internal URLs,Internal URLs,Medium,2,0.7,1,Global config / directive,Dev / config-capable SEO,Flat,S,URL-generation / rewrite rule — usually one fix
internal_query_string_contains_question_mark,query string contains a question mark,Query string contains a question mark,https://sitebulb.com/hints/internal/query-string-contains-a-question-mark/,SEO triage,Internal URLs,Internal URLs,Low,2,0.7,1,Global config / directive,Dev / config-capable SEO,Flat,S,URL-generation / rewrite rule — usually one fix
internal_query_string_contain_repetitive_parameters,query string contains repetitive parameters,Query string contains repetitive parameters,https://sitebulb.com/hints/internal/query-string-contains-repetitive-parameters/,SEO triage,Internal URLs,Internal URLs,Low,2,0.7,1,Global config / directive,Dev / config-capable SEO,Flat,S,URL-generation / rewrite rule — usually one fix
internal_url_path_contain_double_slash,url contains a double slash,URL contains a double slash,https://sitebulb.com/hints/internal/url-contains-a-double-slash/,SEO triage,Internal URLs,Internal URLs,Low,2,0.7,1,Global config / directive,Dev / config-capable SEO,Flat,S,URL-generation / rewrite rule — usually one fix
has_more_than_one_google_analytics_code,url contains more than one google analytics code,URL contains more than one Google Analytics code,https://sitebulb.com/hints/internal/url-contains-more-than-one-google-analytics-code/,SEO triage,Internal URLs,Internal URLs,Low,2,0.7,1,Global config / directive,Dev / config-capable SEO,Flat,S,URL-generation / rewrite rule — usually one fix
has_more_than_one_google_tag_manager_code,url contains more than one google tag manager code,URL contains more than one Google Tag Manager code,https://sitebulb.com/hints/internal/url-contains-more-than-one-google-tag-manager-code/,SEO triage,Internal URLs,Internal URLs,Low,2,0.7,1,Global config / directive,Dev / config-capable SEO,Flat,S,URL-generation / rewrite rule — usually one fix
internal_url_contain_non_ascii_characters,url contains non-ascii characters,URL contains non-ASCII characters,https://sitebulb.com/hints/internal/url-contains-non-ascii-characters/,SEO triage,Internal URLs,Internal URLs,Low,2,0.7,1,Global config / directive,Dev / config-capable SEO,Flat,S,URL-generation / rewrite rule — usually one fix
internal_url_path_contain_repetitive_elements,url contains repetitive elements,URL contains repetitive elements,https://sitebulb.com/hints/internal/url-contains-repetitive-elements/,SEO triage,Internal URLs,Internal URLs,Low,2,0.7,1,Global config / directive,Dev / config-capable SEO,Flat,S,URL-generation / rewrite rule — usually one fix
internal_query_string_exceeds_three_keys,query string contains more than three parameters,Query string contains more than three parameters,https://sitebulb.com/hints/internal/query-string-contains-more-than-three-parameters/,SEO triage,Internal URLs,Internal URLs,,2,0.7,8,Investigation / diagnosis,SEO lead,Flat,M,informational URL/param observation — usually filtered
internal_query_string_contains_paginated_parameters,query string contains paginated parameters,Query string contains paginated parameters,https://sitebulb.com/hints/internal/query-string-contains-paginated-parameters/,SEO triage,Internal URLs,Internal URLs,,2,0.7,8,Investigation / diagnosis,SEO lead,Flat,M,informational URL/param observation — usually filtered
internal_query_string_contains_search_parameters,query string contains search or filter parameters,Query string contains search or filter parameters,https://sitebulb.com/hints/internal/query-string-contains-search-or-filter-parameters/,SEO triage,Internal URLs,Internal URLs,,2,0.7,8,Investigation / diagnosis,SEO lead,Flat,M,informational URL/param observation — usually filtered
internal_query_string_contains_sorted_parameters,query string contains sort parameters,Query string contains sort parameters,https://sitebulb.com/hints/internal/query-string-contains-sort-parameters/,SEO triage,Internal URLs,Internal URLs,,2,0.7,8,Investigation / diagnosis,SEO lead,Flat,M,informational URL/param observation — usually filtered
no_google_analytics_code_found,url contains no google analytics code,URL contains no Google Analytics code,https://sitebulb.com/hints/internal/url-contains-no-google-analytics-code/,SEO triage,Internal URLs,Internal URLs,,2,0.7,8,Investigation / diagnosis,SEO lead,Flat,M,informational URL/param observation — usually filtered
no_google_tag_manager_code_found,url contains no google tag manager code,URL contains no Google Tag Manager code,https://sitebulb.com/hints/internal/url-contains-no-google-tag-manager-code/,SEO triage,Internal URLs,Internal URLs,,2,0.7,8,Investigation / diagnosis,SEO lead,Flat,M,informational URL/param observation — usually filtered
has_anchor_referencing_local_host,has link with a url referencing localhost or 127.0.0.1,Has link with a URL referencing LocalHost or 127.0.0.1,https://sitebulb.com/hints/links/has-link-with-a-url-referencing-localhost-or-127001/,SEO triage,Links,Links,Critical,2,0.7,5,Per-instance code / markup fix,Developer,Banded (soft),M,per-instance markup/code fix
has_anchor_referencing_file_path,has link with a url referencing a local or unc file path,Has link with a URL referencing a local or UNC file path,https://sitebulb.com/hints/links/has-link-with-a-url-referencing-a-local-or-unc-file-path/,SEO triage,Links,Links,Critical,2,0.7,5,Per-instance code / markup fix,Developer,Banded (soft),M,per-instance markup/code fix
has_link_with_leading_or_trailing_whitespace_characters,has a link with whitespace in href attribute,Has a link with whitespace in href attribute,https://sitebulb.com/hints/links/has-a-link-with-whitespace-in-href-attribute/,SEO triage,Links,Links,High,2,0.7,5,Per-instance code / markup fix,Developer,Banded (soft),M,per-instance markup/code fix
has_link_point_to_no_http_protocol,has link to a non-http protocol,Has link to a non-HTTP protocol,https://sitebulb.com/hints/links/has-link-to-a-non-http-protocol/,SEO triage,Links,Links,High,2,0.7,5,Per-instance code / markup fix,Developer,Banded (soft),M,per-instance markup/code fix
urls_with_no_outgoing_links,has no outgoing links,Has no outgoing links,https://sitebulb.com/hints/links/has-no-outgoing-links/,SEO triage,Links,Links,High,2,0.7,8,Investigation / diagnosis,SEO lead,Flat,M,"internal-linking — investigate, then content/template work"
urls_with_only_one_followed_link,has only one followed internal linking url,Has only one followed internal linking URL,https://sitebulb.com/hints/links/has-only-one-followed-internal-linking-url/,SEO triage,Links,Links,High,2,0.7,8,Investigation / diagnosis,SEO lead,Flat,M,"internal-linking — investigate, then content/template work"
has_anchor_with_malformed_href,has outgoing links with malformed href data,Has outgoing links with malformed href data,https://sitebulb.com/hints/links/has-outgoing-links-with-malformed-href-data/,SEO triage,Links,Links,High,2,0.7,5,Per-instance code / markup fix,Developer,Banded (soft),M,per-instance markup/code fix
orphaned_urls,url is orphaned and was not found by the crawler,URL is orphaned and was not found by the crawler,https://sitebulb.com/hints/links/url-is-orphaned-and-was-not-found-by-the-crawler/,SEO triage,Links,Links,High,2,0.7,8,Investigation / diagnosis,SEO lead,Flat,M,"internal-linking — investigate, then content/template work"
has_image_anchor_with_no_alt_text,has an anchored image with no alt text,Has an anchored image with no alt text,https://sitebulb.com/hints/links/has-an-anchored-image-with-no-alt-text/,SEO triage,Links,Links,Medium,2,0.7,4,Content & metadata authoring,Content / SEO copy,Banded (hard),S,
has_anchor_with_no_text,has an internal link with no anchor text,Has an internal link with no anchor text,https://sitebulb.com/hints/links/has-an-internal-link-with-no-anchor-text/,SEO triage,Links,Links,Medium,2,0.7,4,Content & metadata authoring,Content / SEO copy,Banded (hard),S,
has_incoming_follow_links_with_non_descriptive_text,has incoming followed links that do not use descriptive anchor text,Has incoming followed links that do not use descriptive anchor text,https://sitebulb.com/hints/links/has-incoming-followed-links-that-do-not-use-descriptive-anchor-text/,SEO triage,Links,Links,Medium,2,0.7,4,Content & metadata authoring,Content / SEO copy,Banded (hard),S,
has_anchor_with_non_descriptive_text,has one or more outgoing followed links with non descriptive anchor text,Has one or more outgoing followed links with non descriptive anchor text,https://sitebulb.com/hints/links/has-one-or-more-outgoing-followed-links-with-non-descriptive-anchor-text/,SEO triage,Links,Links,Medium,2,0.7,4,Content & metadata authoring,Content / SEO copy,Banded (hard),S,
crawled_urls_only_linked_to_from_urls_not_passing_page_rank,only receives nofollow links or links from canonicalized urls,Only receives nofollow links or links from canonicalized URLs,https://sitebulb.com/hints/links/only-receives-nofollow-links-or-links-from-canonicalized-urls/,SEO triage,Links,Links,Medium,2,0.7,8,Investigation / diagnosis,SEO lead,Flat,M,"internal-linking — investigate, then content/template work"
orphaned_next_prev_url,pagination url has no incoming internal links,Pagination URL has no incoming internal links,https://sitebulb.com/hints/links/pagination-url-has-no-incoming-internal-links/,SEO triage,Links,Links,Medium,2,0.7,5,Per-instance code / markup fix,Developer,Banded (soft),M,pagination misconfiguration (template/code)
links_are_mix_of_follow_and_nofollow,url receives both follow & nofollow internal links,URL receives both follow & nofollow internal links,https://sitebulb.com/hints/links/url-receives-both-follow-nofollow-internal-links/,SEO triage,Links,Links,Medium,2,0.7,5,Per-instance code / markup fix,Developer,Banded (soft),M,reconcile the nofollow in template/code
has_anchor_with_empty_href,has a link with an empty href attribute,Has a link with an empty href attribute,https://sitebulb.com/hints/links/has-a-link-with-an-empty-href-attribute/,SEO triage,Links,Links,Low,2,0.7,5,Per-instance code / markup fix,Developer,Banded (soft),M,per-instance markup/code fix
urls_with_broken_on_page_bookmarks,has broken bookmarks,Has broken bookmarks,https://sitebulb.com/hints/links/has-broken-bookmarks/,SEO triage,Links,Links,Low,2,0.7,5,Per-instance code / markup fix,Developer,Banded (soft),M,per-instance markup/code fix
has_anchor_with_url_in_onclick_attribute,has link with a url in onclick attribute,Has link with a URL in onclick attribute,https://sitebulb.com/hints/links/has-link-with-a-url-in-onclick-attribute/,SEO triage,Links,Links,,2,0.7,8,Investigation / diagnosis,SEO lead,Flat,M,informational — JS-dependent link
invalid_outgoing_hreflang_annotations,has invalid outgoing hreflang annotations,Has invalid outgoing hreflang annotations,https://sitebulb.com/hints/international/has-invalid-outgoing-hreflang-annotations/,SEO triage,International,International,Critical,2,0.7,2,Template / theme edit,Developer,Flat,M,hreflang generation — template/logic
has_noindexed_outgoing_hreflang,has outgoing hreflang annotations to noindex urls,Has outgoing hreflang annotations to noindex URLs,https://sitebulb.com/hints/international/has-outgoing-hreflang-annotations-to-noindex-urls/,SEO triage,International,International,Critical,2,0.7,5,Per-instance code / markup fix,Developer,Banded (soft),M,per-instance; often one feed/template fix if generation is the cause (A2)
invalid_incoming_hreflang_annotations,invalid incoming hreflang annotations,Invalid incoming hreflang annotations,https://sitebulb.com/hints/international/invalid-incoming-hreflang-annotations/,SEO triage,International,International,Critical,2,0.7,5,Per-instance code / markup fix,Developer,Banded (soft),M,per-instance; often one feed/template fix if generation is the cause (A2)
noindexed_urls_with_hreflang_annotations,noindex url has incoming hreflang,Noindex URL has incoming hreflang,https://sitebulb.com/hints/international/noindex-url-has-incoming-hreflang/,SEO triage,International,International,Critical,2,0.7,5,Per-instance code / markup fix,Developer,Banded (soft),M,per-instance; often one feed/template fix if generation is the cause (A2)
canonicalized_urls_with_hreflang_annotations,canonicalized url has incoming hreflang,Canonicalized URL has incoming hreflang,https://sitebulb.com/hints/international/canonicalized-url-has-incoming-hreflang/,SEO triage,International,International,High,2,0.7,5,Per-instance code / markup fix,Developer,Banded (soft),M,per-instance; often one feed/template fix if generation is the cause (A2)
disallowed_urls_with_hreflang_annotations,disallowed url has incoming hreflang,Disallowed URL has incoming hreflang,https://sitebulb.com/hints/international/disallowed-url-has-incoming-hreflang/,SEO triage,International,International,High,2,0.7,5,Per-instance code / markup fix,Developer,Banded (soft),M,per-instance; often one feed/template fix if generation is the cause (A2)
urls_with_duplicate_incoming_hreflang_annotations,has conflicting incoming hreflang annotations,Has conflicting incoming hreflang annotations,https://sitebulb.com/hints/international/has-conflicting-incoming-hreflang-annotations/,SEO triage,International,International,High,2,0.7,5,Per-instance code / markup fix,Developer,Banded (soft),M,per-instance; often one feed/template fix if generation is the cause (A2)
contains_duplicate_outgoing_hreflang_urls,has conflicting outgoing hreflang annotations,Has conflicting outgoing hreflang annotations,https://sitebulb.com/hints/international/has-conflicting-outgoing-hreflang-annotations/,SEO triage,International,International,High,2,0.7,5,Per-instance code / markup fix,Developer,Banded (soft),M,per-instance; often one feed/template fix if generation is the cause (A2)
urls_with_multiple_hreflang_types,has hreflang annotations using multiple methods,Has hreflang annotations using multiple methods,https://sitebulb.com/hints/international/has-hreflang-annotations-using-multiple-methods/,SEO triage,International,International,High,2,0.7,2,Template / theme edit,Developer,Flat,M,hreflang generation — template/logic
url_has_multiple_self_references_hreflang_annotations,has multiple self-referencing hreflang annotations,Has multiple self-referencing hreflang annotations,https://sitebulb.com/hints/international/has-multiple-self-referencing-hreflang-annotations/,SEO triage,International,International,High,2,0.7,2,Template / theme edit,Developer,Flat,M,hreflang generation — template/logic
urls_with_duplicate_outgoing_hreflang_annotations,has outgoing hreflang annotation to multiple urls,Has outgoing hreflang annotation to multiple URLs,https://sitebulb.com/hints/international/has-outgoing-hreflang-annotation-to-multiple-urls/,SEO triage,International,International,High,2,0.7,5,Per-instance code / markup fix,Developer,Banded (soft),M,per-instance; often one feed/template fix if generation is the cause (A2)
outgoing_broken_hreflang_urls,has outgoing hreflang annotations to broken urls,Has outgoing hreflang annotations to broken URLs,https://sitebulb.com/hints/international/has-outgoing-hreflang-annotations-to-broken-urls/,SEO triage,International,International,High,2,0.7,5,Per-instance code / markup fix,Developer,Banded (soft),M,per-instance; often one feed/template fix if generation is the cause (A2)
has_canonical_outgoing_hreflang,has outgoing hreflang annotations to canonicalized urls,Has outgoing hreflang annotations to canonicalized URLs,https://sitebulb.com/hints/international/has-outgoing-hreflang-annotations-to-canonicalized-urls/,SEO triage,International,International,High,2,0.7,5,Per-instance code / markup fix,Developer,Banded (soft),M,per-instance; often one feed/template fix if generation is the cause (A2)
has_disallowed_outgoing_hreflang,has outgoing hreflang annotations to disallowed urls,Has outgoing hreflang annotations to disallowed URLs,https://sitebulb.com/hints/international/has-outgoing-hreflang-annotations-to-disallowed-urls/,SEO triage,International,International,High,2,0.7,5,Per-instance code / markup fix,Developer,Banded (soft),M,per-instance; often one feed/template fix if generation is the cause (A2)
outgoing_redirect_hreflang_urls,has outgoing hreflang annotations to redirecting urls,Has outgoing hreflang annotations to redirecting URLs,https://sitebulb.com/hints/international/has-outgoing-hreflang-annotations-to-redirecting-urls/,SEO triage,International,International,High,2,0.7,5,Per-instance code / markup fix,Developer,Banded (soft),M,per-instance; often one feed/template fix if generation is the cause (A2)
urls_with_relative_hreflang_urls,has outgoing hreflang annotations using relative urls,Has outgoing hreflang annotations using relative URLs,https://sitebulb.com/hints/international/has-outgoing-hreflang-annotations-using-relative-urls/,SEO triage,International,International,High,2,0.7,5,Per-instance code / markup fix,Developer,Banded (soft),M,per-instance; often one feed/template fix if generation is the cause (A2)
urls_containing_unsupported_hreflang_tags,has unsupported or misconfigured hreflang,Has unsupported or misconfigured hreflang,https://sitebulb.com/hints/international/has-unsupported-or-misconfigured-hreflang/,SEO triage,International,International,High,2,0.7,2,Template / theme edit,Developer,Flat,M,hreflang generation — template/logic
urls_with_invalid_html_lang,invalid html lang attribute,Invalid HTML lang attribute,https://sitebulb.com/hints/international/invalid-html-lang-attribute/,SEO triage,International,International,High,2,0.7,2,Template / theme edit,Developer,Flat,M,lang attribute — template
urls_with_hreflang_html_language_mismatchs,mismatched hreflang and html lang declarations,Mismatched hreflang and HTML lang declarations,https://sitebulb.com/hints/international/mismatched-hreflang-and-html-lang-declarations/,SEO triage,International,International,High,2,0.7,2,Template / theme edit,Developer,Flat,M,lang attribute — template
urls_missing_hreflang_annotations,missing hreflang annotations,Missing hreflang annotations,https://sitebulb.com/hints/international/missing-hreflang-annotations/,SEO triage,International,International,High,2,0.7,2,Template / theme edit,Developer,Flat,M,hreflang generation — template/logic
missing_reciprocal_hreflang_annotations,missing reciprocal hreflang (no return-tag),Missing reciprocal hreflang (no return-tag),https://sitebulb.com/hints/international/missing-reciprocal-hreflang-no-return-tag/,SEO triage,International,International,High,2,0.7,2,Template / theme edit,Developer,Flat,M,hreflang generation — template/logic
urls_with_hreflang_missing_html_language,has hreflang annotations without html lang,Has hreflang annotations without HTML lang,https://sitebulb.com/hints/international/has-hreflang-annotations-without-html-lang/,SEO triage,International,International,Medium,2,0.7,2,Template / theme edit,Developer,Flat,M,lang attribute — template
urls_missing_html_lang,missing html lang attribute,Missing HTML lang attribute,https://sitebulb.com/hints/international/missing-html-lang-attribute/,SEO triage,International,International,Medium,2,0.7,2,Template / theme edit,Developer,Flat,M,lang attribute — template
hreflang_url_missing_canonical,missing canonical url,Missing canonical URL,https://sitebulb.com/hints/international/missing-canonical-url/,SEO triage,International,International,Medium,2,0.7,2,Template / theme edit,Developer,Flat,M,add canonical (template)
mixed_x_default_and_hreflang,hreflang annotation also x-default,Hreflang annotation also x-default,https://sitebulb.com/hints/international/hreflang-annotation-also-x-default/,SEO triage,International,International,,2,0.7,8,Investigation / diagnosis,SEO lead,Flat,M,informational hreflang observation
error_sitemap_urls,error (5xx) url in xml sitemaps,Error (5XX) URL in XML Sitemaps,https://sitebulb.com/hints/xml-sitemaps/error-5xx-url-in-xml-sitemaps/,SEO triage,XML Sitemaps,XML Sitemaps,Critical,2,0.7,1,Global config / directive,Dev / config-capable SEO,Flat,S,fix sitemap generation to exclude these; or fix the underlying URL
noindexed_sitemap_urls,noindex url in xml sitemaps,Noindex URL in XML Sitemaps,https://sitebulb.com/hints/xml-sitemaps/noindex-url-in-xml-sitemaps/,SEO triage,XML Sitemaps,XML Sitemaps,Critical,2,0.7,1,Global config / directive,Dev / config-capable SEO,Flat,S,fix sitemap generation to exclude these; or fix the underlying URL
not_found_sitemap_urls,not found (4xx) url in xml sitemaps,Not Found (4XX) URL in XML Sitemaps,https://sitebulb.com/hints/xml-sitemaps/not-found-4xx-url-in-xml-sitemaps/,SEO triage,XML Sitemaps,XML Sitemaps,Critical,2,0.7,1,Global config / directive,Dev / config-capable SEO,Flat,S,fix sitemap generation to exclude these; or fix the underlying URL
canonicalized_sitemap_urls,canonicalized url in xml sitemaps,Canonicalized URL in XML Sitemaps,https://sitebulb.com/hints/xml-sitemaps/canonicalized-url-in-xml-sitemaps/,SEO triage,XML Sitemaps,XML Sitemaps,High,2,0.7,1,Global config / directive,Dev / config-capable SEO,Flat,S,fix sitemap generation to exclude these; or fix the underlying URL
disallowed_sitemap_urls,disallowed url in xml sitemaps,Disallowed URL in XML Sitemaps,https://sitebulb.com/hints/xml-sitemaps/disallowed-url-in-xml-sitemaps/,SEO triage,XML Sitemaps,XML Sitemaps,High,2,0.7,1,Global config / directive,Dev / config-capable SEO,Flat,S,fix sitemap generation to exclude these; or fix the underlying URL
forbidden_sitemap_urls,forbidden (403) url in xml sitemaps,Forbidden (403) URL in XML Sitemaps,https://sitebulb.com/hints/xml-sitemaps/forbidden-403-url-in-xml-sitemaps/,SEO triage,XML Sitemaps,XML Sitemaps,High,2,0.7,1,Global config / directive,Dev / config-capable SEO,Flat,S,fix sitemap generation to exclude these; or fix the underlying URL
redirected_sitemap_urls,redirect (3xx) url in xml sitemaps,Redirect (3XX) URL in XML Sitemaps,https://sitebulb.com/hints/xml-sitemaps/redirect-3xx-url-in-xml-sitemaps/,SEO triage,XML Sitemaps,XML Sitemaps,Medium,2,0.7,1,Global config / directive,Dev / config-capable SEO,Flat,S,fix sitemap generation to exclude these; or fix the underlying URL
timeout_sitemap_urls,timed out url in xml sitemaps,Timed out URL in XML Sitemaps,https://sitebulb.com/hints/xml-sitemaps/timed-out-url-in-xml-sitemaps/,SEO triage,XML Sitemaps,XML Sitemaps,Medium,2,0.7,1,Global config / directive,Dev / config-capable SEO,Flat,S,fix sitemap generation to exclude these; or fix the underlying URL
urls_in_multiple_sitemaps,url in multiple xml sitemaps,URL in multiple XML Sitemaps,https://sitebulb.com/hints/xml-sitemaps/url-in-multiple-xml-sitemaps/,SEO triage,XML Sitemaps,XML Sitemaps,,2,0.7,8,Investigation / diagnosis,SEO lead,Flat,M,informational
http_urls,internal http urls,Internal HTTP URLs,https://sitebulb.com/hints/security/internal-http-urls/,SEO triage,Security,Security,Critical,1,1,1,Global config / directive,Dev / config-capable SEO,Flat,S,[SEO T1 override] force HTTPS (config)
contains_password_field_on_http,http url contains a password input field,HTTP URL contains a password input field,https://sitebulb.com/hints/security/http-url-contains-a-password-input-field/,SEO triage,Security,Security,High,2,0.7,1,Global config / directive,Dev / config-capable SEO,Flat,S,[SEO T2 override] force HTTPS (config)
contains_form_https_to_http,https url contains a form posting to http,HTTPS URL contains a form posting to HTTP,https://sitebulb.com/hints/security/https-url-contains-a-form-posting-to-http/,SEO triage,Security,Security,High,2,0.7,5,Per-instance code / markup fix,Developer,Banded (soft),M,[SEO T2 override] per-instance markup/resource fix; some resolve in template (A2)
https_url_linking_to_http_url,https url links to an http url,HTTPS URL links to an HTTP URL,https://sitebulb.com/hints/security/https-url-links-to-an-http-url/,SEO triage,Security,Security,High,2,0.7,5,Per-instance code / markup fix,Developer,Banded (soft),M,[SEO T2 override] per-instance markup/resource fix; some resolve in template (A2)
has_protocol_relative_resources,loads page resources using protocol relative uris,Loads page resources using protocol relative URIs,https://sitebulb.com/hints/security/loads-page-resources-using-protocol-relative-uris/,SEO triage,Security,Security,High,4,0.2,5,Per-instance code / markup fix,Developer,Banded (soft),M,per-instance markup/resource fix; some resolve in template (A2)
has_cdn_scripts_without_integrity,has javascript served via a cdn without subresource integrity,Has JavaScript served via a CDN without subresource integrity,https://developer.mozilla.org/en-US/docs/Web/Security/Subresource_Integrity,SEO triage,Security,Security,Medium,4,0.2,5,Per-instance code / markup fix,Developer,Banded (soft),M,per-instance markup/resource fix; some resolve in template (A2)
has_cdn_stylesheets_without_integrity,has style sheets served via a cdn without subresource integrity,Has style sheets served via a CDN without subresource integrity,https://developer.mozilla.org/en-US/docs/Web/Security/Subresource_Integrity,SEO triage,Security,Security,Medium,4,0.2,5,Per-instance code / markup fix,Developer,Banded (soft),M,per-instance markup/resource fix; some resolve in template (A2)
leaks_server_information,leaks server information useful for compromising servers,Leaks server information useful for compromising servers,https://scotthelme.co.uk/hardening-your-http-response-headers/,SEO triage,Security,Security,Low,4,0.2,7,Server / infrastructure,Dev / ops / host,Flat,L,server/header configuration
missing_content_security_policy,content-security-policy http header is missing or invalid,Content-Security-Policy HTTP header is missing or invalid,https://scotthelme.co.uk/content-security-policy-an-introduction/,SEO triage,Security,Security,,4,0.2,7,Server / infrastructure,Dev / ops / host,Flat,L,server/header configuration
missing_referrer_policy,referrer-policy http header is missing,Referrer-Policy HTTP header is missing,https://scotthelme.co.uk/a-new-security-header-referrer-policy/,SEO triage,Security,Security,,4,0.2,7,Server / infrastructure,Dev / ops / host,Flat,L,server/header configuration
missing_strict_transport_security,strict-transport-security http (hsts) header is missing,Strict-Transport-Security HTTP (HSTS) header is missing,https://scotthelme.co.uk/hsts-the-missing-link-in-tls/,SEO triage,Security,Security,,4,0.2,7,Server / infrastructure,Dev / ops / host,Flat,L,server/header configuration
missing_x_content_type_options,x-content-type-options http header is missing,X-Content-Type-Options HTTP header is missing,https://scotthelme.co.uk/hardening-your-http-response-headers/,SEO triage,Security,Security,,4,0.2,7,Server / infrastructure,Dev / ops / host,Flat,L,server/header configuration
missing_x_frame_options,x-frame-options http header is missing or invalid,X-Frame-Options HTTP header is missing or invalid,https://scotthelme.co.uk/hardening-your-http-response-headers/,SEO triage,Security,Security,,4,0.2,7,Server / infrastructure,Dev / ops / host,Flat,L,server/header configuration
missing_xss_protection,x-xss-protection http header is missing or invalid,X-XSS-Protection HTTP header is missing or invalid,https://scotthelme.co.uk/hardening-your-http-response-headers/,SEO triage,Security,Security,,4,0.2,7,Server / infrastructure,Dev / ops / host,Flat,L,server/header configuration
content_does_not_scale_to_device,content does not size correctly to viewport,Content does not size correctly to viewport,https://sitebulb.com/hints/mobile-friendly/content-does-not-size-correctly-to-viewport/,SEO triage,Mobile Friendly,Mobile Friendly,High,3,0.4,2,Template / theme edit,Developer,Flat,M,viewport meta — template
font_size_too_small,font size is too small for mobile devices,Font size is too small for mobile devices,https://sitebulb.com/hints/mobile-friendly/font-size-is-too-small-for-mobile-devices/,SEO triage,Mobile Friendly,Mobile Friendly,High,3,0.4,6,Performance / Core Web Vitals,Developer,Banded (soft),L,responsive CSS — front-end; may be template (A2)
renders_image_maps,has one or more image-map <map> tags,Has one or more image-map <map> tags,https://sitebulb.com/hints/mobile-friendly/has-one-or-more-image-map-map-tags/,SEO triage,Mobile Friendly,Mobile Friendly,High,3,0.4,5,Per-instance code / markup fix,Developer,Banded (soft),M,remove legacy markup/plugins
missing_viewport,missing viewport <meta> tag in the <head>,Missing viewport <meta> tag in the <head>,https://sitebulb.com/hints/mobile-friendly/missing-viewport-meta-tag-in-the-head/,SEO triage,Mobile Friendly,Mobile Friendly,High,3,0.4,2,Template / theme edit,Developer,Flat,M,viewport meta — template
multiple_viewports,multiple viewport <meta> tags were found in the <head>,Multiple viewport <meta> tags were found in the <head>,https://sitebulb.com/hints/mobile-friendly/multiple-viewport-meta-tags-were-found-in-the-head/,SEO triage,Mobile Friendly,Mobile Friendly,High,3,0.4,2,Template / theme edit,Developer,Flat,M,viewport meta — template
tap_targets_too_small,tap targets are too small and close,Tap targets are too small and close,https://sitebulb.com/hints/mobile-friendly/tap-targets-are-too-small-and-close/,SEO triage,Mobile Friendly,Mobile Friendly,High,3,0.4,6,Performance / Core Web Vitals,Developer,Banded (soft),L,responsive CSS — front-end; may be template (A2)
has_viewport_width_missing,the viewport <meta> tag does not have a width set,The viewport <meta> tag does not have a width set,https://sitebulb.com/hints/mobile-friendly/the-viewport-meta-tag-does-not-have-a-width-set/,SEO triage,Mobile Friendly,Mobile Friendly,Medium,3,0.4,2,Template / theme edit,Developer,Flat,M,viewport meta — template
has_viewport_maximum_scale_set,the viewport <meta> tag has a maximum-scale set,The viewport <meta> tag has a maximum-scale set,https://sitebulb.com/hints/mobile-friendly/the-viewport-meta-tag-has-a-maximum-scale-set/,SEO triage,Mobile Friendly,Mobile Friendly,Medium,3,0.4,2,Template / theme edit,Developer,Flat,M,viewport meta — template
has_viewport_minimum_scale_set,the viewport <meta> tag has a minimum-scale set,The viewport <meta> tag has a minimum-scale set,https://sitebulb.com/hints/mobile-friendly/the-viewport-meta-tag-has-a-minimum-scale-set/,SEO triage,Mobile Friendly,Mobile Friendly,Medium,3,0.4,2,Template / theme edit,Developer,Flat,M,viewport meta — template
has_viewport_width_error_set,the viewport <meta> tag has a specific width set,The viewport <meta> tag has a specific width set,https://sitebulb.com/hints/mobile-friendly/the-viewport-meta-tag-has-a-specific-width-set/,SEO triage,Mobile Friendly,Mobile Friendly,Medium,3,0.4,2,Template / theme edit,Developer,Flat,M,viewport meta — template
has_viewport_initial_scale_set,the viewport <meta> tag initial-scale is incorrect,The viewport <meta> tag initial-scale is incorrect,https://sitebulb.com/hints/mobile-friendly/the-viewport-meta-tag-initial-scale-is-incorrect/,SEO triage,Mobile Friendly,Mobile Friendly,Medium,3,0.4,2,Template / theme edit,Developer,Flat,M,viewport meta — template
has_viewport_initial_scale_missing,the viewport <meta> tag is missing an initial-scale,The viewport <meta> tag is missing an initial-scale,https://sitebulb.com/hints/mobile-friendly/the-viewport-meta-tag-is-missing-an-initial-scale/,SEO triage,Mobile Friendly,Mobile Friendly,Medium,3,0.4,2,Template / theme edit,Developer,Flat,M,viewport meta — template
has_viewport_user_scalable_set,the viewport <meta> tag prevents the user from scaling,The viewport <meta> tag prevents the user from scaling,https://sitebulb.com/hints/mobile-friendly/the-viewport-meta-tag-prevents-the-user-from-scaling/,SEO triage,Mobile Friendly,Mobile Friendly,Medium,3,0.4,2,Template / theme edit,Developer,Flat,M,viewport meta — template
avoid_enormous_network_payloads,avoid enormous network payloads,Avoid enormous network payloads,https://sitebulb.com/hints/performance/avoid-enormous-network-payloads/,SEO triage,Performance,Performance,Critical,3,0.4,6,Performance / Core Web Vitals,Developer,Banded (soft),L,
eliminate_render_blocking_resources,eliminate render blocking resources,Eliminate render blocking resources,https://sitebulb.com/hints/performance/eliminate-render-blocking-resources/,SEO triage,Performance,Performance,Critical,3,0.4,6,Performance / Core Web Vitals,Developer,Banded (soft),L,
serve_static_assets_with_an_efficient_cache_policy,serve static assets with an efficient cache policy,Serve static assets with an efficient cache policy,https://sitebulb.com/hints/performance/serve-static-assets-with-an-efficient-cache-policy/,SEO triage,Performance,Performance,Critical,3,0.4,7,Server / infrastructure,Dev / ops / host,Flat,L,delivery/server-side performance
defer_offscreen_images,defer offscreen images,Defer offscreen images,https://sitebulb.com/hints/performance/defer-offscreen-images/,SEO triage,Performance,Performance,High,3,0.4,6,Performance / Core Web Vitals,Developer,Banded (soft),L,
efficiently_encode_images,efficiently encode images,Efficiently encode images,https://sitebulb.com/hints/performance/efficiently-encode-images/,SEO triage,Performance,Performance,High,3,0.4,6,Performance / Core Web Vitals,Developer,Banded (soft),L,
enable_text_compression,enable text compression,Enable text compression,https://sitebulb.com/hints/performance/enable-text-compression/,SEO triage,Performance,Performance,High,3,0.4,7,Server / infrastructure,Dev / ops / host,Flat,L,delivery/server-side performance
minify_css,minify css,Minify CSS,https://sitebulb.com/hints/performance/minify-css/,SEO triage,Performance,Performance,High,3,0.4,6,Performance / Core Web Vitals,Developer,Banded (soft),L,
minify_java_script,minify javascript,Minify JavaScript,https://sitebulb.com/hints/performance/minify-javascript/,SEO triage,Performance,Performance,High,3,0.4,6,Performance / Core Web Vitals,Developer,Banded (soft),L,
slow_server_response_time,reduce server response times (ttfb),Reduce server response times (TTFB),https://sitebulb.com/hints/performance/reduce-server-response-times-ttfb/,SEO triage,Performance,Performance,High,3,0.4,7,Server / infrastructure,Dev / ops / host,Flat,L,delivery/server-side performance
images_without_dimensions,add dimensions to images,Add dimensions to images,https://sitebulb.com/hints/performance/add-dimensions-to-images/,SEO triage,Performance,Performance,Medium,3,0.4,6,Performance / Core Web Vitals,Developer,Banded (soft),L,
ensure_text_remains_visible_during_web_font_load,ensure text remains visible during webfont load,Ensure text remains visible during webfont load,https://sitebulb.com/hints/performance/ensure-text-remains-visible-during-webfont-load/,SEO triage,Performance,Performance,Medium,3,0.4,6,Performance / Core Web Vitals,Developer,Banded (soft),L,
properly_size_images,properly size images,Properly size images,https://sitebulb.com/hints/performance/properly-size-images/,SEO triage,Performance,Performance,Medium,3,0.4,6,Performance / Core Web Vitals,Developer,Banded (soft),L,
unused_css,remove unused css,Remove unused CSS,https://sitebulb.com/hints/performance/remove-unused-css/,SEO triage,Performance,Performance,Medium,3,0.4,6,Performance / Core Web Vitals,Developer,Banded (soft),L,
unused_java_script,remove unused javascript,Remove unused JavaScript,https://sitebulb.com/hints/performance/remove-unused-javascript/,SEO triage,Performance,Performance,Medium,3,0.4,6,Performance / Core Web Vitals,Developer,Banded (soft),L,
image_size_too_big,transferred image size is over 100kb,Transferred image size is over 100KB,https://sitebulb.com/hints/performance/transferred-image-size-is-over-100kb/,SEO triage,Performance,Performance,Medium,3,0.4,6,Performance / Core Web Vitals,Developer,Banded (soft),L,
dom_exceeds_maximum_node_depth,avoid excessive dom depth,Avoid excessive DOM depth,https://sitebulb.com/hints/performance/avoid-excessive-dom-depth/,SEO triage,Performance,Performance,Low,3,0.4,6,Performance / Core Web Vitals,Developer,Banded (soft),L,
dom_exceeds_maximum_total_nodes,avoid excessive dom size,Avoid excessive DOM size,https://sitebulb.com/hints/performance/avoid-excessive-dom-size/,SEO triage,Performance,Performance,Low,3,0.4,6,Performance / Core Web Vitals,Developer,Banded (soft),L,
dom_exceeds_maximum_node_width,avoid excessive dom width,Avoid excessive DOM width,https://sitebulb.com/hints/performance/avoid-excessive-dom-width/,SEO triage,Performance,Performance,Low,3,0.4,6,Performance / Core Web Vitals,Developer,Banded (soft),L,
serve_images_in_next_gen_formats,serve images in next gen formats,Serve images in next gen formats,https://sitebulb.com/hints/performance/serve-images-in-next-gen-formats/,SEO triage,Performance,Performance,Low,3,0.4,6,Performance / Core Web Vitals,Developer,Banded (soft),L,
use_video_formats_for_animated_content,use video formats for animated content,Use video formats for animated content,https://sitebulb.com/hints/performance/use-video-formats-for-animated-content/,SEO triage,Performance,Performance,Low,3,0.4,6,Performance / Core Web Vitals,Developer,Banded (soft),L,
urls_with_noindex_only_in_response_html,noindex only in the http response html,Noindex only in the HTTP response HTML,https://sitebulb.com/hints/rendered/noindex-only-in-the-http-response-html/,SEO triage,Rendered,Response vs Render,Critical,2,0.7,5,Per-instance code / markup fix,Developer,Banded (soft),M,make server HTML match rendered (developer); investigation-led
urls_with_response_rendered_canonical_mismatch,canonical mismatch between rendered and response html,Canonical mismatch between rendered and response HTML,https://sitebulb.com/hints/rendered/canonical-mismatch-between-rendered-and-response-html/,SEO triage,Rendered,Response vs Render,High,2,0.7,5,Per-instance code / markup fix,Developer,Banded (soft),M,make server HTML match rendered (developer); investigation-led
urls_with_canonical_only_in_rendered_html,canonical only in the rendered html,Canonical only in the rendered HTML,https://sitebulb.com/hints/rendered/canonical-only-in-the-rendered-html/,SEO triage,Rendered,Response vs Render,High,2,0.7,5,Per-instance code / markup fix,Developer,Banded (soft),M,make server HTML match rendered (developer); investigation-led
urls_with_nofollow_only_in_response_html,nofollow only in the http response html,Nofollow only in the HTTP response HTML,https://sitebulb.com/hints/rendered/nofollow-only-in-the-http-response-html/,SEO triage,Rendered,Response vs Render,High,2,0.7,5,Per-instance code / markup fix,Developer,Banded (soft),M,make server HTML match rendered (developer); investigation-led
urls_with_page_title_updated_in_rendered_html,page title modified by javascript,Page Title modified by JavaScript,https://sitebulb.com/hints/rendered/page-title-modified-by-javascript/,SEO triage,Rendered,Response vs Render,Medium,2,0.7,5,Per-instance code / markup fix,Developer,Banded (soft),M,make server HTML match rendered (developer); investigation-led
urls_with_page_title_only_in_rendered_html,page title only in the rendered html,Page Title only in the rendered HTML,https://sitebulb.com/hints/rendered/page-title-only-in-the-rendered-html/,SEO triage,Rendered,Response vs Render,Medium,2,0.7,5,Per-instance code / markup fix,Developer,Banded (soft),M,make server HTML match rendered (developer); investigation-led
urls_with_h1_updated_in_rendered_html,<h1> modified by javascript,<h1> modified by JavaScript,https://sitebulb.com/hints/rendered/h1-modified-by-javascript/,SEO triage,Rendered,Response vs Render,Low,2,0.7,5,Per-instance code / markup fix,Developer,Banded (soft),M,make server HTML match rendered (developer); investigation-led
urls_with_h1_only_in_rendered_html,<h1> only in the rendered html,<h1> only in the rendered HTML,https://sitebulb.com/hints/rendered/h1-only-in-the-rendered-html/,SEO triage,Rendered,Response vs Render,Low,2,0.7,5,Per-instance code / markup fix,Developer,Banded (soft),M,make server HTML match rendered (developer); investigation-led
urls_with_java_script_content,contains javascript content,Contains JavaScript content,https://sitebulb.com/hints/rendered/contains-javascript-content/,SEO triage,Rendered,Response vs Render,Low,2,0.7,8,Investigation / diagnosis,SEO lead,Flat,M,informational — JS presence
urls_with_java_scriptlinks,contains javascript links,Contains JavaScript links,https://sitebulb.com/hints/rendered/contains-javascript-links/,SEO triage,Rendered,Response vs Render,Low,2,0.7,8,Investigation / diagnosis,SEO lead,Flat,M,informational — JS presence
urls_with_meta_description_updated_in_rendered_html,meta description modified by javascript,Meta Description modified by JavaScript,https://sitebulb.com/hints/rendered/meta-description-modified-by-javascript/,SEO triage,Rendered,Response vs Render,Low,2,0.7,5,Per-instance code / markup fix,Developer,Banded (soft),M,make server HTML match rendered (developer); investigation-led
urls_with_meta_description_only_in_rendered_html,meta description only in the rendered html,Meta Description only in the rendered HTML,https://sitebulb.com/hints/rendered/meta-description-only-in-the-rendered-html/,SEO triage,Rendered,Response vs Render,Low,2,0.7,5,Per-instance code / markup fix,Developer,Banded (soft),M,make server HTML match rendered (developer); investigation-led
amp_canonical_urls_error,amp page url has canonical url which is error (5xx),AMP Page URL has canonical URL which is Error (5XX),https://sitebulb.com/hints/amp/amp-page-url-has-canonical-url-which-is-error-5xx/,SEO triage,AMP,AMP,Critical,3,0.4,5,Per-instance code / markup fix,Developer,Banded (soft),M,per-instance canonical-target fix
amp_canonical_urls_forbidden,amp page url has canonical url which is forbidden (403),AMP Page URL has canonical URL which is Forbidden (403),https://sitebulb.com/hints/amp/amp-page-url-has-canonical-url-which-is-forbidden-403/,SEO triage,AMP,AMP,Critical,3,0.4,5,Per-instance code / markup fix,Developer,Banded (soft),M,per-instance canonical-target fix
amp_canonical_urls_not_found,amp page url has canonical url which is not found (4xx),AMP Page URL has canonical URL which is Not Found (4XX),https://sitebulb.com/hints/amp/amp-page-url-has-canonical-url-which-is-not-found-4xx/,SEO triage,AMP,AMP,Critical,3,0.4,5,Per-instance code / markup fix,Developer,Banded (soft),M,per-instance canonical-target fix
amp_urls_error,amp page url is error (5xx),AMP Page URL is Error (5XX),https://sitebulb.com/hints/amp/amp-page-url-is-error-5xx/,SEO triage,AMP,AMP,Critical,3,0.4,7,Server / infrastructure,Dev / ops / host,Flat,L,server/access
amp_urls_forbidden,amp page url is forbidden (403),AMP Page URL is Forbidden (403),https://sitebulb.com/hints/amp/amp-page-url-is-forbidden-403/,SEO triage,AMP,AMP,Critical,3,0.4,7,Server / infrastructure,Dev / ops / host,Flat,L,server/access
amp_urls_not_found,amp page url is not found (4xx),AMP Page URL is Not Found (4XX),https://sitebulb.com/hints/amp/amp-page-url-is-not-found-4xx/,SEO triage,AMP,AMP,Critical,3,0.4,3,Redirect mapping,Dev / ops,Banded (hard),S,broken/redirecting AMP page
amp_invalid,amp page has validation errors,AMP Page has validation errors,https://sitebulb.com/hints/amp/amp-page-has-validation-errors/,SEO triage,AMP,AMP,Critical,3,0.4,2,Template / theme edit,Developer,Flat,M,AMP template fix
amp_canonical_urls_redirect,amp page url has canonical url which is redirect (3xx),AMP Page URL has canonical URL which is Redirect (3XX),https://sitebulb.com/hints/amp/amp-page-url-has-canonical-url-which-is-redirect-3xx/,SEO triage,AMP,AMP,High,3,0.4,5,Per-instance code / markup fix,Developer,Banded (soft),M,per-instance canonical-target fix
amp_canonical_urls_canonicalized,amp page url has canonical url which is canonicalized,AMP Page URL has canonical URL which is canonicalized,https://sitebulb.com/hints/amp/amp-page-url-has-canonical-url-which-is-canonicalized/,SEO triage,AMP,AMP,High,3,0.4,5,Per-instance code / markup fix,Developer,Banded (soft),M,per-instance canonical-target fix
amp_canonical_urls_disallowed,amp page url has canonical url which is disallowed,AMP Page URL has canonical URL which is disallowed,https://sitebulb.com/hints/amp/amp-page-url-has-canonical-url-which-is-disallowed/,SEO triage,AMP,AMP,High,3,0.4,5,Per-instance code / markup fix,Developer,Banded (soft),M,per-instance canonical-target fix
amp_canonical_urls_noindex,amp page url has canonical url which is noindex,AMP Page URL has canonical URL which is noindex,https://sitebulb.com/hints/amp/amp-page-url-has-canonical-url-which-is-noindex/,SEO triage,AMP,AMP,High,3,0.4,5,Per-instance code / markup fix,Developer,Banded (soft),M,per-instance canonical-target fix
amp_canonical_urls_not_indexable,amp page url has canonical url which is not indexable,AMP Page URL has canonical URL which is not indexable,https://sitebulb.com/hints/amp/amp-page-url-has-canonical-url-which-is-not-indexable/,SEO triage,AMP,AMP,High,3,0.4,5,Per-instance code / markup fix,Developer,Banded (soft),M,per-instance canonical-target fix
amp_urls_redirect,amp page url is redirect (3xx),AMP Page URL is Redirect (3XX),https://sitebulb.com/hints/amp/amp-page-url-is-redirect-3xx/,SEO triage,AMP,AMP,High,3,0.4,3,Redirect mapping,Dev / ops,Banded (hard),S,broken/redirecting AMP page
amp_urls_disallowed,amp page url is disallowed,AMP Page URL is disallowed,https://sitebulb.com/hints/amp/amp-page-url-is-disallowed/,SEO triage,AMP,AMP,High,3,0.4,1,Global config / directive,Dev / config-capable SEO,Flat,S,directive/robots
amp_urls_missing_canonical,amp page url is missing a canonical tag,AMP Page URL is missing a canonical tag,https://sitebulb.com/hints/amp/amp-page-url-is-missing-a-canonical-tag/,SEO triage,AMP,AMP,High,3,0.4,2,Template / theme edit,Developer,Flat,M,AMP template fix
amp_url_not_amp_html,amp page url is missing the <html amp> tag,AMP Page URL is missing the <html amp> tag,https://sitebulb.com/hints/amp/amp-page-url-is-missing-the-html-amp-tag/,SEO triage,AMP,AMP,High,3,0.4,2,Template / theme edit,Developer,Flat,M,AMP template fix
amp_urls_noindex,amp page url is noindex,AMP Page URL is noindex,https://sitebulb.com/hints/amp/amp-page-url-is-noindex/,SEO triage,AMP,AMP,High,3,0.4,1,Global config / directive,Dev / config-capable SEO,Flat,S,directive/robots
amp_url_loops,amp page url loops,AMP Page URL loops,https://sitebulb.com/hints/amp/amp-page-url-loops/,SEO triage,AMP,AMP,High,3,0.4,5,Per-instance code / markup fix,Developer,Banded (soft),M,per-instance AMP/canonical fix
amp_url_only_found_in_rendered_dom,amphtml link only found in rendered dom,amphtml link only found in rendered DOM,https://sitebulb.com/hints/amp/amphtml-link-only-found-in-rendered-dom/,SEO triage,AMP,AMP,High,3,0.4,5,Per-instance code / markup fix,Developer,Banded (soft),M,per-instance AMP/canonical fix
canonicalized_urls_with_organic_visits,canonicalized url received organic search traffic,Canonicalized URL received organic search traffic,https://sitebulb.com/hints/search-traffic/canonicalized-url-received-organic-search-traffic/,SEO triage,Organic Search Traffic,Organic Search Traffic,High,,,8,Investigation / diagnosis,SEO lead,Flat,M,GA/GSC signal — diagnostic; confirm intent before any fix
disallowed_urls_with_organic_visits,disallowed url received organic search traffic,Disallowed URL received organic search traffic,https://sitebulb.com/hints/search-traffic/disallowed-url-received-organic-search-traffic/,SEO triage,Organic Search Traffic,Organic Search Traffic,High,,,8,Investigation / diagnosis,SEO lead,Flat,M,GA/GSC signal — diagnostic; confirm intent before any fix
forbidden_urls_with_organic_visits,forbidden (403) url received search traffic,Forbidden (403) URL received search traffic,https://sitebulb.com/hints/search-traffic/forbidden-403-url-received-search-traffic/,SEO triage,Organic Search Traffic,Organic Search Traffic,High,,,8,Investigation / diagnosis,SEO lead,Flat,M,GA/GSC signal — diagnostic; confirm intent before any fix
noindexed_urls_with_organic_visits,noindex url received organic search traffic,Noindex URL received organic search traffic,https://sitebulb.com/hints/search-traffic/noindex-url-received-organic-search-traffic/,SEO triage,Organic Search Traffic,Organic Search Traffic,High,,,8,Investigation / diagnosis,SEO lead,Flat,M,GA/GSC signal — diagnostic; confirm intent before any fix
not_found_urls_with_organic_visits,not found (4xx) url received search traffic,Not Found (4XX) URL received search traffic,https://sitebulb.com/hints/search-traffic/not-found-4xx-url-received-search-traffic/,SEO triage,Organic Search Traffic,Organic Search Traffic,High,,,8,Investigation / diagnosis,SEO lead,Flat,M,GA/GSC signal — diagnostic; confirm intent before any fix
orphan_urls_with_organic_visits,orphan url received search traffic,Orphan URL received search traffic,https://sitebulb.com/hints/search-traffic/orphan-url-received-search-traffic/,SEO triage,Organic Search Traffic,Organic Search Traffic,High,,,8,Investigation / diagnosis,SEO lead,Flat,M,GA/GSC signal — diagnostic; confirm intent before any fix
redirected_urls_with_organic_visits,redirect (3xx) url received organic search traffic,Redirect (3XX) URL received organic search traffic,https://sitebulb.com/hints/search-traffic/redirect-3xx-url-received-organic-search-traffic/,SEO triage,Organic Search Traffic,Organic Search Traffic,High,,,8,Investigation / diagnosis,SEO lead,Flat,M,GA/GSC signal — diagnostic; confirm intent before any fix
urls_with_high_bounce_rate,had bounce rate greater than or equal to 80%,Had bounce rate greater than or equal to 80%,https://sitebulb.com/hints/search-traffic/had-bounce-rate-greater-than-or-equal-to-80/,SEO triage,Organic Search Traffic,Organic Search Traffic,Medium,,,8,Investigation / diagnosis,SEO lead,Flat,M,GA/GSC signal — diagnostic; confirm intent before any fix
,<audio> elements must have a captions <track>,<audio> elements must have a captions <track>,https://dequeuniversity.com/rules/axe/4.4/audio-caption,Accessibility,Accessibility,Accessibility,Critical,,,5,Per-instance code / markup fix,Developer,Banded (soft),M,a11y lane (excluded from Skill 1 SEO triage); archetype indicative for a separate accessibility workstream
,<video> elements must have a <track> for captions,<video> elements must have a <track> for captions,https://dequeuniversity.com/rules/axe/4.4/video-caption,Accessibility,Accessibility,Accessibility,Critical,,,5,Per-instance code / markup fix,Developer,Banded (soft),M,a11y lane (excluded from Skill 1 SEO triage); archetype indicative for a separate accessibility workstream
,aria attributes must conform to valid names,ARIA attributes must conform to valid names,https://dequeuniversity.com/rules/axe/4.4/aria-valid-attr,Accessibility,Accessibility,Accessibility,Critical,,,5,Per-instance code / markup fix,Developer,Banded (soft),M,a11y lane (excluded from Skill 1 SEO triage); archetype indicative for a separate accessibility workstream
,aria attributes must conform to valid values,ARIA attributes must conform to valid values,https://dequeuniversity.com/rules/axe/4.4/aria-valid-attr-value,Accessibility,Accessibility,Accessibility,Critical,,,5,Per-instance code / markup fix,Developer,Banded (soft),M,a11y lane (excluded from Skill 1 SEO triage); archetype indicative for a separate accessibility workstream
,aria roles used must conform to valid values,ARIA roles used must conform to valid values,https://dequeuniversity.com/rules/axe/4.4/aria-roles,Accessibility,Accessibility,Accessibility,Critical,,,5,Per-instance code / markup fix,Developer,Banded (soft),M,a11y lane (excluded from Skill 1 SEO triage); archetype indicative for a separate accessibility workstream
,active <area> elements must have alternate text,Active <area> elements must have alternate text,https://dequeuniversity.com/rules/axe/4.4/area-alt,Accessibility,Accessibility,Accessibility,Critical,,,4,Content & metadata authoring,Content / SEO copy,Banded (hard),S,a11y lane (excluded from Skill 1 SEO triage); archetype indicative for a separate accessibility workstream
,all non-empty <td> elements in tables larger than 3 by 3 must have an associated table header,All non-empty <td> elements in tables larger than 3 by 3 must have an associated table header,https://dequeuniversity.com/rules/axe/4.4/td-has-header,Accessibility,Accessibility,Accessibility,Critical,,,5,Per-instance code / markup fix,Developer,Banded (soft),M,a11y lane (excluded from Skill 1 SEO triage); archetype indicative for a separate accessibility workstream
,buttons must have discernible text,Buttons must have discernible text,https://dequeuniversity.com/rules/axe/4.4/button-name,Accessibility,Accessibility,Accessibility,Critical,,,4,Content & metadata authoring,Content / SEO copy,Banded (hard),S,a11y lane (excluded from Skill 1 SEO triage); archetype indicative for a separate accessibility workstream
,certain aria roles must be contained by particular parent elements,Certain ARIA roles must be contained by particular parent elements,https://dequeuniversity.com/rules/axe/4.4/aria-required-parent,Accessibility,Accessibility,Accessibility,Critical,,,5,Per-instance code / markup fix,Developer,Banded (soft),M,a11y lane (excluded from Skill 1 SEO triage); archetype indicative for a separate accessibility workstream
,certain aria roles must contain particular children,Certain ARIA roles must contain particular children,https://dequeuniversity.com/rules/axe/4.4/aria-required-children,Accessibility,Accessibility,Accessibility,Critical,,,5,Per-instance code / markup fix,Developer,Banded (soft),M,a11y lane (excluded from Skill 1 SEO triage); archetype indicative for a separate accessibility workstream
,elements must only use allowed aria attributes,Elements must only use allowed ARIA attributes,https://dequeuniversity.com/rules/axe/4.4/aria-allowed-attr,Accessibility,Accessibility,Accessibility,Critical,,,5,Per-instance code / markup fix,Developer,Banded (soft),M,a11y lane (excluded from Skill 1 SEO triage); archetype indicative for a separate accessibility workstream
,form <input> elements must have labels,Form <input> elements must have labels,https://dequeuniversity.com/rules/axe/4.4/label,Accessibility,Accessibility,Accessibility,Critical,,,5,Per-instance code / markup fix,Developer,Banded (soft),M,a11y lane (excluded from Skill 1 SEO triage); archetype indicative for a separate accessibility workstream
,frames must be tested with axe-core,Frames must be tested with axe-core,https://dequeuniversity.com/rules/axe/4.4/frame-tested,Accessibility,Accessibility,Accessibility,Critical,,,5,Per-instance code / markup fix,Developer,Banded (soft),M,a11y lane (excluded from Skill 1 SEO triage); archetype indicative for a separate accessibility workstream
,ids used in aria and labels must be unique,IDs used in ARIA and labels must be unique,https://dequeuniversity.com/rules/axe/4.4/duplicate-id-aria,Accessibility,Accessibility,Accessibility,Critical,,,5,Per-instance code / markup fix,Developer,Banded (soft),M,a11y lane (excluded from Skill 1 SEO triage); archetype indicative for a separate accessibility workstream
,image buttons must have alternate text,Image buttons must have alternate text,https://dequeuniversity.com/rules/axe/4.4/input-image-alt,Accessibility,Accessibility,Accessibility,Critical,,,4,Content & metadata authoring,Content / SEO copy,Banded (hard),S,a11y lane (excluded from Skill 1 SEO triage); archetype indicative for a separate accessibility workstream
,images must have alternate text,Images must have alternate text,https://dequeuniversity.com/rules/axe/4.4/image-alt,Accessibility,Accessibility,Accessibility,Critical,,,4,Content & metadata authoring,Content / SEO copy,Banded (hard),S,a11y lane (excluded from Skill 1 SEO triage); archetype indicative for a separate accessibility workstream
,input buttons must have discernible text,Input buttons must have discernible text,https://dequeuniversity.com/rules/axe/4.4/input-button-name,Accessibility,Accessibility,Accessibility,Critical,,,4,Content & metadata authoring,Content / SEO copy,Banded (hard),S,a11y lane (excluded from Skill 1 SEO triage); archetype indicative for a separate accessibility workstream
,required aria attributes must be provided,Required ARIA attributes must be provided,https://dequeuniversity.com/rules/axe/4.4/aria-required-attr,Accessibility,Accessibility,Accessibility,Critical,,,5,Per-instance code / markup fix,Developer,Banded (soft),M,a11y lane (excluded from Skill 1 SEO triage); archetype indicative for a separate accessibility workstream
,scope attribute should be used correctly on tables,Scope attribute should be used correctly on tables,https://dequeuniversity.com/rules/axe/4.4/scope-attr-valid,Accessibility,Accessibility,Accessibility,Critical,,,5,Per-instance code / markup fix,Developer,Banded (soft),M,a11y lane (excluded from Skill 1 SEO triage); archetype indicative for a separate accessibility workstream
,timed refresh must not exist,Timed refresh must not exist,https://dequeuniversity.com/rules/axe/4.4/meta-refresh,Accessibility,Accessibility,Accessibility,Critical,,,5,Per-instance code / markup fix,Developer,Banded (soft),M,a11y lane (excluded from Skill 1 SEO triage); archetype indicative for a separate accessibility workstream
,zooming and scaling must not be disabled,Zooming and scaling must not be disabled,https://dequeuniversity.com/rules/axe/4.4/meta-viewport,Accessibility,Accessibility,Accessibility,Critical,,,2,Template / theme edit,Developer,Flat,M,a11y lane (excluded from Skill 1 SEO triage); archetype indicative for a separate accessibility workstream
,"aria-hidden=""true"" must not be present on the document <body>","aria-hidden=""true"" must not be present on the document <body>",https://dequeuniversity.com/rules/axe/4.4/aria-hidden-body,Accessibility,Accessibility,Accessibility,Critical,,,5,Per-instance code / markup fix,Developer,Banded (soft),M,a11y lane (excluded from Skill 1 SEO triage); archetype indicative for a separate accessibility workstream
,select element must have an accessible name,select element must have an accessible name,https://dequeuniversity.com/rules/axe/4.4/select-name,Accessibility,Accessibility,Accessibility,Critical,,,5,Per-instance code / markup fix,Developer,Banded (soft),M,a11y lane (excluded from Skill 1 SEO triage); archetype indicative for a separate accessibility workstream
,<blink> elements are deprecated and must not be used,<blink> elements are deprecated and must not be used,https://dequeuniversity.com/rules/axe/4.4/blink,Accessibility,Accessibility,Accessibility,High,,,5,Per-instance code / markup fix,Developer,Banded (soft),M,a11y lane (excluded from Skill 1 SEO triage); archetype indicative for a separate accessibility workstream
,"<dl> elements must only directly contain properly-ordered <dt> and <dd> groups, <script>, or <template> elements","<dl> elements must only directly contain properly-ordered <dt> and <dd> groups, <script>, or <template> elements",https://dequeuniversity.com/rules/axe/4.4/definition-list,Accessibility,Accessibility,Accessibility,High,,,5,Per-instance code / markup fix,Developer,Banded (soft),M,a11y lane (excluded from Skill 1 SEO triage); archetype indicative for a separate accessibility workstream
,<dt> and <dd> elements must be contained by a <dl>,<dt> and <dd> elements must be contained by a <dl>,https://dequeuniversity.com/rules/axe/4.4/dlitem,Accessibility,Accessibility,Accessibility,High,,,5,Per-instance code / markup fix,Developer,Banded (soft),M,a11y lane (excluded from Skill 1 SEO triage); archetype indicative for a separate accessibility workstream
,<html> element must have a lang attribute,<html> element must have a lang attribute,https://dequeuniversity.com/rules/axe/4.4/html-has-lang,Accessibility,Accessibility,Accessibility,High,,,2,Template / theme edit,Developer,Flat,M,a11y lane (excluded from Skill 1 SEO triage); archetype indicative for a separate accessibility workstream
,<html> element must have a valid value for the lang attribute,<html> element must have a valid value for the lang attribute,https://dequeuniversity.com/rules/axe/4.4/html-lang-valid,Accessibility,Accessibility,Accessibility,High,,,2,Template / theme edit,Developer,Flat,M,a11y lane (excluded from Skill 1 SEO triage); archetype indicative for a separate accessibility workstream
,<li> elements must be contained in a <ul> or <ol>,<li> elements must be contained in a <ul> or <ol>,https://dequeuniversity.com/rules/axe/4.4/listitem,Accessibility,Accessibility,Accessibility,High,,,5,Per-instance code / markup fix,Developer,Banded (soft),M,a11y lane (excluded from Skill 1 SEO triage); archetype indicative for a separate accessibility workstream
,<marquee> elements are deprecated and must not be used,<marquee> elements are deprecated and must not be used,https://dequeuniversity.com/rules/axe/4.4/marquee,Accessibility,Accessibility,Accessibility,High,,,5,Per-instance code / markup fix,Developer,Banded (soft),M,a11y lane (excluded from Skill 1 SEO triage); archetype indicative for a separate accessibility workstream
,<object> elements must have alternate text,<object> elements must have alternate text,https://dequeuniversity.com/rules/axe/4.4/object-alt,Accessibility,Accessibility,Accessibility,High,,,4,Content & metadata authoring,Content / SEO copy,Banded (hard),S,a11y lane (excluded from Skill 1 SEO triage); archetype indicative for a separate accessibility workstream
,"<ul> and <ol> must only directly contain <li>, <script> or <template> elements","<ul> and <ol> must only directly contain <li>, <script> or <template> elements",https://dequeuniversity.com/rules/axe/4.4/list,Accessibility,Accessibility,Accessibility,High,,,5,Per-instance code / markup fix,Developer,Banded (soft),M,a11y lane (excluded from Skill 1 SEO triage); archetype indicative for a separate accessibility workstream
,"aria button, link, and menuitem must have an accessible name","ARIA button, link, and menuitem must have an accessible name",https://dequeuniversity.com/rules/axe/4.4/aria-command-name,Accessibility,Accessibility,Accessibility,High,,,5,Per-instance code / markup fix,Developer,Banded (soft),M,a11y lane (excluded from Skill 1 SEO triage); archetype indicative for a separate accessibility workstream
,aria dialog and alertdialog must have an accessible name,ARIA dialog and alertdialog must have an accessible name,https://dequeuniversity.com/rules/axe/4.4/aria-dialog-name,Accessibility,Accessibility,Accessibility,High,,,5,Per-instance code / markup fix,Developer,Banded (soft),M,a11y lane (excluded from Skill 1 SEO triage); archetype indicative for a separate accessibility workstream
,aria input fields must have an accessible name,ARIA input fields must have an accessible name,https://dequeuniversity.com/rules/axe/4.4/aria-input-field-name,Accessibility,Accessibility,Accessibility,High,,,5,Per-instance code / markup fix,Developer,Banded (soft),M,a11y lane (excluded from Skill 1 SEO triage); archetype indicative for a separate accessibility workstream
,aria meter must have an accessible name,ARIA meter must have an accessible name,https://dequeuniversity.com/rules/axe/4.4/aria-meter-name,Accessibility,Accessibility,Accessibility,High,,,5,Per-instance code / markup fix,Developer,Banded (soft),M,a11y lane (excluded from Skill 1 SEO triage); archetype indicative for a separate accessibility workstream
,aria progressbar must have an accessible name,ARIA progressbar must have an accessible name,https://dequeuniversity.com/rules/axe/4.4/aria-progressbar-name,Accessibility,Accessibility,Accessibility,High,,,5,Per-instance code / markup fix,Developer,Banded (soft),M,a11y lane (excluded from Skill 1 SEO triage); archetype indicative for a separate accessibility workstream
,aria toggle fields have an accessible name,ARIA toggle fields have an accessible name,https://dequeuniversity.com/rules/axe/4.4/aria-toggle-field-name,Accessibility,Accessibility,Accessibility,High,,,5,Per-instance code / markup fix,Developer,Banded (soft),M,a11y lane (excluded from Skill 1 SEO triage); archetype indicative for a separate accessibility workstream
,aria tooltip must have an accessible name,ARIA tooltip must have an accessible name,https://dequeuniversity.com/rules/axe/4.4/aria-tooltip-name,Accessibility,Accessibility,Accessibility,High,,,5,Per-instance code / markup fix,Developer,Banded (soft),M,a11y lane (excluded from Skill 1 SEO triage); archetype indicative for a separate accessibility workstream
,aria treeitem must have an accessible name,ARIA treeitem must have an accessible name,https://dequeuniversity.com/rules/axe/4.4/aria-treeitem-name,Accessibility,Accessibility,Accessibility,High,,,5,Per-instance code / markup fix,Developer,Banded (soft),M,a11y lane (excluded from Skill 1 SEO triage); archetype indicative for a separate accessibility workstream
,"all <th> elements and elements with role=""columnheader"" or role=""rowheader"" must have data cells they describe","All <th> elements and elements with role=""columnheader"" or role=""rowheader"" must have data cells they describe",https://dequeuniversity.com/rules/axe/4.4/th-has-data-cells,Accessibility,Accessibility,Accessibility,High,,,5,Per-instance code / markup fix,Developer,Banded (soft),M,a11y lane (excluded from Skill 1 SEO triage); archetype indicative for a separate accessibility workstream
,all cells in a <table> element that use the headers attribute must only refer to other cells of that same <table>,All cells in a <table> element that use the headers attribute must only refer to other cells of that same <table>,https://dequeuniversity.com/rules/axe/4.4/td-headers-attr,Accessibility,Accessibility,Accessibility,High,,,5,Per-instance code / markup fix,Developer,Banded (soft),M,a11y lane (excluded from Skill 1 SEO triage); archetype indicative for a separate accessibility workstream
,all text elements must have sufficient contrast between text in the foreground and background colors behind it in accordance with wcag 2 aaa contrast ratio thresholds.,All text elements must have sufficient contrast between text in the foreground and background colors behind it in accordance with WCAG 2 AAA contrast ratio thresholds.,https://dequeuniversity.com/rules/axe/4.4/color-contrast-enhanced,Accessibility,Accessibility,Accessibility,High,,,2,Template / theme edit,Developer,Flat,M,a11y lane (excluded from Skill 1 SEO triage); archetype indicative for a separate accessibility workstream
,autocomplete attribute must be used correctly,Autocomplete attribute must be used correctly,https://dequeuniversity.com/rules/axe/4.4/autocomplete-valid,Accessibility,Accessibility,Accessibility,High,,,5,Per-instance code / markup fix,Developer,Banded (soft),M,a11y lane (excluded from Skill 1 SEO triage); archetype indicative for a separate accessibility workstream
,"bold, italic text and font-size are not used to style <p> elements as a heading","Bold, italic text and font-size are not used to style <p> elements as a heading",https://dequeuniversity.com/rules/axe/4.4/p-as-heading,Accessibility,Accessibility,Accessibility,High,,,2,Template / theme edit,Developer,Flat,M,a11y lane (excluded from Skill 1 SEO triage); archetype indicative for a separate accessibility workstream
,css media queries are not used to lock display orientation,CSS Media queries are not used to lock display orientation,https://dequeuniversity.com/rules/axe/4.4/css-orientation-lock,Accessibility,Accessibility,Accessibility,High,,,2,Template / theme edit,Developer,Flat,M,a11y lane (excluded from Skill 1 SEO triage); archetype indicative for a separate accessibility workstream
,data or header cells should not be used to give caption to a data table,Data or header cells should not be used to give caption to a data table,https://dequeuniversity.com/rules/axe/4.4/table-fake-caption,Accessibility,Accessibility,Accessibility,High,,,5,Per-instance code / markup fix,Developer,Banded (soft),M,a11y lane (excluded from Skill 1 SEO triage); archetype indicative for a separate accessibility workstream
,documents must contain a title element to aid in navigation,Documents must contain a title element to aid in navigation,https://dequeuniversity.com/rules/axe/4.4/document-title,Accessibility,Accessibility,Accessibility,High,,,4,Content & metadata authoring,Content / SEO copy,Banded (hard),S,a11y lane (excluded from Skill 1 SEO triage); archetype indicative for a separate accessibility workstream
,"elements containing role=""img"" have an alternative text","Elements containing role=""img"" have an alternative text",https://dequeuniversity.com/rules/axe/4.4/role-img-alt,Accessibility,Accessibility,Accessibility,High,,,4,Content & metadata authoring,Content / SEO copy,Banded (hard),S,a11y lane (excluded from Skill 1 SEO triage); archetype indicative for a separate accessibility workstream
,elements should not have tabindex greater than zero,Elements should not have tabindex greater than zero,https://dequeuniversity.com/rules/axe/4.4/tabindex,Accessibility,Accessibility,Accessibility,High,,,5,Per-instance code / markup fix,Developer,Banded (soft),M,a11y lane (excluded from Skill 1 SEO triage); archetype indicative for a separate accessibility workstream
,ensures <frame> and <iframe> elements with focusable content do not have tabindex=-1,Ensures  <frame> and <iframe> elements with focusable content do not have tabindex=-1,https://dequeuniversity.com/rules/axe/4.4/frame-focusable-content,Accessibility,Accessibility,Accessibility,High,,,5,Per-instance code / markup fix,Developer,Banded (soft),M,a11y lane (excluded from Skill 1 SEO triage); archetype indicative for a separate accessibility workstream
,"ensures role=""text"" is used on elements with no focusable descendants","Ensures role=""text"" is used on elements with no focusable descendants",https://dequeuniversity.com/rules/axe/4.4/aria-text,Accessibility,Accessibility,Accessibility,High,,,5,Per-instance code / markup fix,Developer,Banded (soft),M,a11y lane (excluded from Skill 1 SEO triage); archetype indicative for a separate accessibility workstream
,form <input> elements should have a visible label,Form <input> elements should have a visible label,https://dequeuniversity.com/rules/axe/4.4/label-title-only,Accessibility,Accessibility,Accessibility,High,,,5,Per-instance code / markup fix,Developer,Banded (soft),M,a11y lane (excluded from Skill 1 SEO triage); archetype indicative for a separate accessibility workstream
,frames must have a unique title attribute,Frames must have a unique title attribute,https://dequeuniversity.com/rules/axe/4.4/frame-title-unique,Accessibility,Accessibility,Accessibility,High,,,5,Per-instance code / markup fix,Developer,Banded (soft),M,a11y lane (excluded from Skill 1 SEO triage); archetype indicative for a separate accessibility workstream
,frames must have title attribute,Frames must have title attribute,https://dequeuniversity.com/rules/axe/4.4/frame-title,Accessibility,Accessibility,Accessibility,High,,,5,Per-instance code / markup fix,Developer,Banded (soft),M,a11y lane (excluded from Skill 1 SEO triage); archetype indicative for a separate accessibility workstream
,id attribute value must be unique,ID attribute value must be unique,https://dequeuniversity.com/rules/axe/4.4/duplicate-id-active,Accessibility,Accessibility,Accessibility,High,,,5,Per-instance code / markup fix,Developer,Banded (soft),M,a11y lane (excluded from Skill 1 SEO triage); archetype indicative for a separate accessibility workstream
,inline text spacing must be adjustable with custom stylesheets,Inline text spacing must be adjustable with custom stylesheets,https://dequeuniversity.com/rules/axe/4.4/avoid-inline-spacing,Accessibility,Accessibility,Accessibility,High,,,2,Template / theme edit,Developer,Flat,M,a11y lane (excluded from Skill 1 SEO triage); archetype indicative for a separate accessibility workstream
,label and name from content mismatch,Label and name from content mismatch,https://dequeuniversity.com/rules/axe/4.4/label-content-name-mismatch,Accessibility,Accessibility,Accessibility,High,,,5,Per-instance code / markup fix,Developer,Banded (soft),M,a11y lane (excluded from Skill 1 SEO triage); archetype indicative for a separate accessibility workstream
,links must be distinguished from surrounding text in a way that does not rely on color,Links must be distinguished from surrounding text in a way that does not rely on color,https://dequeuniversity.com/rules/axe/4.4/link-in-text-block,Accessibility,Accessibility,Accessibility,High,,,2,Template / theme edit,Developer,Flat,M,a11y lane (excluded from Skill 1 SEO triage); archetype indicative for a separate accessibility workstream
,links must have discernible text,Links must have discernible text,https://dequeuniversity.com/rules/axe/4.4/link-name,Accessibility,Accessibility,Accessibility,High,,,4,Content & metadata authoring,Content / SEO copy,Banded (hard),S,a11y lane (excluded from Skill 1 SEO triage); archetype indicative for a separate accessibility workstream
,nested interactive controls are not announced by screen readers,Nested interactive controls are not announced by screen readers,https://dequeuniversity.com/rules/axe/4.4/nested-interactive,Accessibility,Accessibility,Accessibility,High,,,5,Per-instance code / markup fix,Developer,Banded (soft),M,a11y lane (excluded from Skill 1 SEO triage); archetype indicative for a separate accessibility workstream
,page must have means to bypass repeated blocks,Page must have means to bypass repeated blocks,https://dequeuniversity.com/rules/axe/4.4/bypass,Accessibility,Accessibility,Accessibility,High,,,2,Template / theme edit,Developer,Flat,M,a11y lane (excluded from Skill 1 SEO triage); archetype indicative for a separate accessibility workstream
,svg images and graphics require accessible text,SVG images and graphics require accessible text,https://dequeuniversity.com/rules/axe/4.4/svg-img-alt,Accessibility,Accessibility,Accessibility,High,,,4,Content & metadata authoring,Content / SEO copy,Banded (hard),S,a11y lane (excluded from Skill 1 SEO triage); archetype indicative for a separate accessibility workstream
,text elements must have sufficient color contrast against the background,Text elements must have sufficient color contrast against the background,https://dequeuniversity.com/rules/axe/4.4/color-contrast,Accessibility,Accessibility,Accessibility,High,,,2,Template / theme edit,Developer,Flat,M,a11y lane (excluded from Skill 1 SEO triage); archetype indicative for a separate accessibility workstream
,use aria-roledescription on elements with a semantic role,Use aria-roledescription on elements with a semantic role,https://dequeuniversity.com/rules/axe/4.4/aria-roledescription,Accessibility,Accessibility,Accessibility,High,,,5,Per-instance code / markup fix,Developer,Banded (soft),M,a11y lane (excluded from Skill 1 SEO triage); archetype indicative for a separate accessibility workstream
,accesskey attribute value must be unique,accesskey attribute value must be unique,https://dequeuniversity.com/rules/axe/4.4/accesskeys,Accessibility,Accessibility,Accessibility,High,,,5,Per-instance code / markup fix,Developer,Banded (soft),M,a11y lane (excluded from Skill 1 SEO triage); archetype indicative for a separate accessibility workstream
,aria-hidden elements do not contain focusable elements,aria-hidden elements do not contain focusable elements,https://dequeuniversity.com/rules/axe/4.4/aria-hidden-focus,Accessibility,Accessibility,Accessibility,High,,,5,Per-instance code / markup fix,Developer,Banded (soft),M,a11y lane (excluded from Skill 1 SEO triage); archetype indicative for a separate accessibility workstream
,lang attribute must have a valid value,lang attribute must have a valid value,https://dequeuniversity.com/rules/axe/4.4/valid-lang,Accessibility,Accessibility,Accessibility,High,,,2,Template / theme edit,Developer,Flat,M,a11y lane (excluded from Skill 1 SEO triage); archetype indicative for a separate accessibility workstream
,<html> elements with lang and xml:lang must have the same base language,<html> elements with lang and xml:lang must have the same base language,https://dequeuniversity.com/rules/axe/4.4/html-xml-lang-mismatch,Accessibility,Accessibility,Accessibility,Medium,,,2,Template / theme edit,Developer,Flat,M,a11y lane (excluded from Skill 1 SEO triage); archetype indicative for a separate accessibility workstream
,all page content must be contained by landmarks,All page content must be contained by landmarks,https://dequeuniversity.com/rules/axe/4.4/region,Accessibility,Accessibility,Accessibility,Medium,,,2,Template / theme edit,Developer,Flat,M,a11y lane (excluded from Skill 1 SEO triage); archetype indicative for a separate accessibility workstream
,audio must have controls that provide users with the ability to stop automatically played audio after three seconds,Audio must have controls that provide users with the ability to stop automatically played audio after three seconds,https://dequeuniversity.com/rules/axe/4.4/no-autoplay-audio,Accessibility,Accessibility,Accessibility,Medium,,,5,Per-instance code / markup fix,Developer,Banded (soft),M,a11y lane (excluded from Skill 1 SEO triage); archetype indicative for a separate accessibility workstream
,banner landmark must not be contained in another landmark,Banner landmark must not be contained in another landmark,https://dequeuniversity.com/rules/axe/4.4/landmark-banner-is-top-level,Accessibility,Accessibility,Accessibility,Medium,,,2,Template / theme edit,Developer,Flat,M,a11y lane (excluded from Skill 1 SEO triage); archetype indicative for a separate accessibility workstream
,complementary landmarks and/or asides are top level,Complementary landmarks and/or asides are top level,https://dequeuniversity.com/rules/axe/4.4/landmark-complementary-is-top-level,Accessibility,Accessibility,Accessibility,Medium,,,2,Template / theme edit,Developer,Flat,M,a11y lane (excluded from Skill 1 SEO triage); archetype indicative for a separate accessibility workstream
,contentinfo landmark must not be contained in another landmark,Contentinfo landmark must not be contained in another landmark,https://dequeuniversity.com/rules/axe/4.4/landmark-contentinfo-is-top-level,Accessibility,Accessibility,Accessibility,Medium,,,2,Template / theme edit,Developer,Flat,M,a11y lane (excluded from Skill 1 SEO triage); archetype indicative for a separate accessibility workstream
,ensure that scrollable region has keyboard access,Ensure that scrollable region has keyboard access,https://dequeuniversity.com/rules/axe/4.4/scrollable-region-focusable,Accessibility,Accessibility,Accessibility,Medium,,,5,Per-instance code / markup fix,Developer,Banded (soft),M,a11y lane (excluded from Skill 1 SEO triage); archetype indicative for a separate accessibility workstream
,ensures the document has at most one main landmark,Ensures the document has at most one main landmark,https://dequeuniversity.com/rules/axe/4.4/landmark-no-duplicate-main,Accessibility,Accessibility,Accessibility,Medium,,,2,Template / theme edit,Developer,Flat,M,a11y lane (excluded from Skill 1 SEO triage); archetype indicative for a separate accessibility workstream
,form fields do not have duplicate labels,Form fields do not have duplicate labels,https://dequeuniversity.com/rules/axe/4.4/form-field-multiple-labels,Accessibility,Accessibility,Accessibility,Medium,,,5,Per-instance code / markup fix,Developer,Banded (soft),M,a11y lane (excluded from Skill 1 SEO triage); archetype indicative for a separate accessibility workstream
,heading levels should only increase by one,Heading levels should only increase by one,https://dequeuniversity.com/rules/axe/4.4/heading-order,Accessibility,Accessibility,Accessibility,Medium,,,2,Template / theme edit,Developer,Flat,M,a11y lane (excluded from Skill 1 SEO triage); archetype indicative for a separate accessibility workstream
,landmarks must have a unique role or role/label/title (i.e. accessible name) combination,Landmarks must have a unique role or role/label/title (i.e. accessible name) combination,https://dequeuniversity.com/rules/axe/4.4/landmark-unique,Accessibility,Accessibility,Accessibility,Medium,,,5,Per-instance code / markup fix,Developer,Banded (soft),M,a11y lane (excluded from Skill 1 SEO triage); archetype indicative for a separate accessibility workstream
,main landmark must not be contained in another landmark,Main landmark must not be contained in another landmark,https://dequeuniversity.com/rules/axe/4.4/landmark-main-is-top-level,Accessibility,Accessibility,Accessibility,Medium,,,2,Template / theme edit,Developer,Flat,M,a11y lane (excluded from Skill 1 SEO triage); archetype indicative for a separate accessibility workstream
,page must contain a level-one heading,Page must contain a level-one heading,https://dequeuniversity.com/rules/axe/4.4/page-has-heading-one,Accessibility,Accessibility,Accessibility,Medium,,,2,Template / theme edit,Developer,Flat,M,a11y lane (excluded from Skill 1 SEO triage); archetype indicative for a separate accessibility workstream
,page must have one main landmark,Page must have one main landmark,https://dequeuniversity.com/rules/axe/4.4/landmark-one-main,Accessibility,Accessibility,Accessibility,Medium,,,2,Template / theme edit,Developer,Flat,M,a11y lane (excluded from Skill 1 SEO triage); archetype indicative for a separate accessibility workstream
,page must not have more than one banner landmark,Page must not have more than one banner landmark,https://dequeuniversity.com/rules/axe/4.4/landmark-no-duplicate-banner,Accessibility,Accessibility,Accessibility,Medium,,,2,Template / theme edit,Developer,Flat,M,a11y lane (excluded from Skill 1 SEO triage); archetype indicative for a separate accessibility workstream
,page must not have more than one contentinfo landmark,Page must not have more than one contentinfo landmark,https://dequeuniversity.com/rules/axe/4.4/landmark-no-duplicate-contentinfo,Accessibility,Accessibility,Accessibility,Medium,,,2,Template / theme edit,Developer,Flat,M,a11y lane (excluded from Skill 1 SEO triage); archetype indicative for a separate accessibility workstream
,the skip-link target should exist and be focusable,The skip-link target should exist and be focusable,https://dequeuniversity.com/rules/axe/4.4/skip-link,Accessibility,Accessibility,Accessibility,Medium,,,2,Template / theme edit,Developer,Flat,M,a11y lane (excluded from Skill 1 SEO triage); archetype indicative for a separate accessibility workstream
,aria role must be appropriate for the element,ARIA role must be appropriate for the element,https://dequeuniversity.com/rules/axe/4.4/aria-allowed-role,Accessibility,Accessibility,Accessibility,Low,,,5,Per-instance code / markup fix,Developer,Banded (soft),M,a11y lane (excluded from Skill 1 SEO triage); archetype indicative for a separate accessibility workstream
,elements in the focus order need a role appropriate for interactive content,Elements in the focus order need a role appropriate for interactive content,https://dequeuniversity.com/rules/axe/4.4/focus-order-semantics,Accessibility,Accessibility,Accessibility,Low,,,5,Per-instance code / markup fix,Developer,Banded (soft),M,a11y lane (excluded from Skill 1 SEO triage); archetype indicative for a separate accessibility workstream
,elements whose role is none or presentation must not conflict with other roles,Elements whose role is none or presentation must not conflict with other roles,https://dequeuniversity.com/rules/axe/4.4/presentation-role-conflict,Accessibility,Accessibility,Accessibility,Low,,,5,Per-instance code / markup fix,Developer,Banded (soft),M,a11y lane (excluded from Skill 1 SEO triage); archetype indicative for a separate accessibility workstream
,ensure that links with the same accessible name serve a similar purpose,Ensure that links with the same accessible name serve a similar purpose,https://dequeuniversity.com/rules/axe/4.4/identical-links-same-purpose,Accessibility,Accessibility,Accessibility,Low,,,5,Per-instance code / markup fix,Developer,Banded (soft),M,a11y lane (excluded from Skill 1 SEO triage); archetype indicative for a separate accessibility workstream
,ensures table headers have discernible text,Ensures table headers have discernible text,https://dequeuniversity.com/rules/axe/4.4/empty-table-header,Accessibility,Accessibility,Accessibility,Low,,,4,Content & metadata authoring,Content / SEO copy,Banded (hard),S,a11y lane (excluded from Skill 1 SEO triage); archetype indicative for a separate accessibility workstream
,headings must not be empty,Headings must not be empty,https://dequeuniversity.com/rules/axe/4.4/empty-heading,Accessibility,Accessibility,Accessibility,Low,,,4,Content & metadata authoring,Content / SEO copy,Banded (hard),S,a11y lane (excluded from Skill 1 SEO triage); archetype indicative for a separate accessibility workstream
,hidden content on the page cannot be analyzed,Hidden content on the page cannot be analyzed,https://dequeuniversity.com/rules/axe/4.4/hidden-content,Accessibility,Accessibility,Accessibility,Low,,,5,Per-instance code / markup fix,Developer,Banded (soft),M,a11y lane (excluded from Skill 1 SEO triage); archetype indicative for a separate accessibility workstream
,id attribute values must be unique,ID attribute values must be unique,https://dequeuniversity.com/rules/axe/4.4/duplicate-id,Accessibility,Accessibility,Accessibility,Low,,,5,Per-instance code / markup fix,Developer,Banded (soft),M,a11y lane (excluded from Skill 1 SEO triage); archetype indicative for a separate accessibility workstream
,server-side image maps must not be used,Server-side image maps must not be used,https://dequeuniversity.com/rules/axe/4.4/server-side-image-map,Accessibility,Accessibility,Accessibility,Low,,,5,Per-instance code / markup fix,Developer,Banded (soft),M,a11y lane (excluded from Skill 1 SEO triage); archetype indicative for a separate accessibility workstream
,text of buttons and links should not be repeated in the image alternative,Text of buttons and links should not be repeated in the image alternative,https://dequeuniversity.com/rules/axe/4.4/image-redundant-alt,Accessibility,Accessibility,Accessibility,Low,,,4,Content & metadata authoring,Content / SEO copy,Banded (hard),S,a11y lane (excluded from Skill 1 SEO triage); archetype indicative for a separate accessibility workstream
,the <caption> element should not contain the same text as the summary attribute,The <caption> element should not contain the same text as the summary attribute,https://dequeuniversity.com/rules/axe/4.4/table-duplicate-name,Accessibility,Accessibility,Accessibility,Low,,,5,Per-instance code / markup fix,Developer,Banded (soft),M,a11y lane (excluded from Skill 1 SEO triage); archetype indicative for a separate accessibility workstream
,timed refresh must not exist (no exception),Timed refresh must not exist (No Exception),https://dequeuniversity.com/rules/axe/4.4/meta-refresh-no-exceptions,Accessibility,Accessibility,Accessibility,Low,,,5,Per-instance code / markup fix,Developer,Banded (soft),M,a11y lane (excluded from Skill 1 SEO triage); archetype indicative for a separate accessibility workstream
,users should be able to zoom and scale the text up to 500%,Users should be able to zoom and scale the text up to 500%,https://dequeuniversity.com/rules/axe/4.4/meta-viewport-large,Accessibility,Accessibility,Accessibility,Low,,,2,Template / theme edit,Developer,Flat,M,a11y lane (excluded from Skill 1 SEO triage); archetype indicative for a separate accessibility workstream
